TxnDate,RefNumber,Account,Debit,Credit,Name,Memo
1/3/2025,31013,1330 · Vendor Receivable: Galderma,20,,5d965ce6-acc6-4762-870a-c2a6aa819343,Vendor receivable from Aspire Awards for invoice 00031013
1/3/2025,31013,Accounts Receivable,,20,5d965ce6-acc6-4762-870a-c2a6aa819343,Vendor receivable from Aspire Awards for invoice 00031013
1/3/2025,31013,1310 · Vendor Receivable: Allergan,100,,5d965ce6-acc6-4762-870a-c2a6aa819343,Vendor receivable from Alle Rewards for invoice 00031013
1/3/2025,31013,Accounts Receivable,,100,5d965ce6-acc6-4762-870a-c2a6aa819343,Vendor receivable from Alle Rewards for invoice 00031013
1/3/2025,31014,1330 · Vendor Receivable: Galderma,20,,b6dd7bd2-f305-408d-9567-8052ec50c678,Vendor receivable from Aspire Awards for invoice 00031014
1/3/2025,31014,Accounts Receivable,,20,b6dd7bd2-f305-408d-9567-8052ec50c678,Vendor receivable from Aspire Awards for invoice 00031014
1/15/2025,31068,1330 · Vendor Receivable: Galderma,50,,b8b35095-6079-41e5-85e6-469119bbf393,Vendor receivable from Aspire Awards for invoice 00031068
1/15/2025,31068,Accounts Receivable,,50,b8b35095-6079-41e5-85e6-469119bbf393,Vendor receivable from Aspire Awards for invoice 00031068
1/17/2025,31079,1330 · Vendor Receivable: Galderma,20,,8114a540-9e8f-4512-a89c-48784f09fd15,Vendor receivable from Aspire Awards for invoice 00031079
1/17/2025,31079,Accounts Receivable,,20,8114a540-9e8f-4512-a89c-48784f09fd15,Vendor receivable from Aspire Awards for invoice 00031079
1/17/2025,31083,1330 · Vendor Receivable: Galderma,20,,37ec8873-53cd-4cca-88e6-b4da2c14c94f,Vendor receivable from Aspire Awards for invoice 00031083
1/17/2025,31083,Accounts Receivable,,20,37ec8873-53cd-4cca-88e6-b4da2c14c94f,Vendor receivable from Aspire Awards for invoice 00031083
1/17/2025,31086,1310 · Vendor Receivable: Allergan,300,,5c5d3988-80d1-4dbf-a897-b8d796478856,Vendor receivable from Alle Rewards for invoice 00031086
1/17/2025,31086,Accounts Receivable,,300,5c5d3988-80d1-4dbf-a897-b8d796478856,Vendor receivable from Alle Rewards for invoice 00031086
1/22/2025,31108,1310 · Vendor Receivable: Allergan,130,,6523d9c0-c7dc-4133-aea9-d229da32ebc6,Vendor receivable from Alle Rewards for invoice 00031108
1/22/2025,31108,Accounts Receivable,,130,6523d9c0-c7dc-4133-aea9-d229da32ebc6,Vendor receivable from Alle Rewards for invoice 00031108
1/22/2025,31111,1310 · Vendor Receivable: Allergan,20,,a9ce6551-33fe-4e6c-b49d-8199627ac895,Vendor receivable from Alle Rewards for invoice 00031111
1/22/2025,31111,Accounts Receivable,,20,a9ce6551-33fe-4e6c-b49d-8199627ac895,Vendor receivable from Alle Rewards for invoice 00031111
1/24/2025,31019,1330 · Vendor Receivable: Galderma,75,,29d13dc0-db43-4fbf-9888-86d43781a8b2,Vendor receivable from Aspire Awards for invoice 00031019
1/24/2025,31019,Accounts Receivable,,75,29d13dc0-db43-4fbf-9888-86d43781a8b2,Vendor receivable from Aspire Awards for invoice 00031019
1/24/2025,31124,1330 · Vendor Receivable: Galderma,50,,3e8656e9-2bae-4b15-aba7-8aa6645d1310,Vendor receivable from Aspire Awards for invoice 00031124
1/24/2025,31124,Accounts Receivable,,50,3e8656e9-2bae-4b15-aba7-8aa6645d1310,Vendor receivable from Aspire Awards for invoice 00031124
1/24/2025,31126,1330 · Vendor Receivable: Galderma,50,,ad564527-59cf-4c9e-918c-0bdb19c6510a,Vendor receivable from Aspire Awards for invoice 00031126
1/24/2025,31126,Accounts Receivable,,50,ad564527-59cf-4c9e-918c-0bdb19c6510a,Vendor receivable from Aspire Awards for invoice 00031126
1/24/2025,31126,1210 · Cherry Receivable,2282.77,,ad564527-59cf-4c9e-918c-0bdb19c6510a,Vendor receivable from Cherry for invoice 00031126
1/24/2025,31126,Accounts Receivable,,2282.77,ad564527-59cf-4c9e-918c-0bdb19c6510a,Vendor receivable from Cherry for invoice 00031126
1/24/2025,31130,1310 · Vendor Receivable: Allergan,20,,d7819a16-2776-46bf-b71a-205e538ccbd3,Vendor receivable from Alle Rewards for invoice 00031130
1/24/2025,31130,Accounts Receivable,,20,d7819a16-2776-46bf-b71a-205e538ccbd3,Vendor receivable from Alle Rewards for invoice 00031130
1/24/2025,31130,1330 · Vendor Receivable: Galderma,20,,d7819a16-2776-46bf-b71a-205e538ccbd3,Vendor receivable from Aspire Awards for invoice 00031130
1/24/2025,31130,Accounts Receivable,,20,d7819a16-2776-46bf-b71a-205e538ccbd3,Vendor receivable from Aspire Awards for invoice 00031130
1/29/2025,31150,1330 · Vendor Receivable: Galderma,50,,a145532a-5e68-4f14-95b9-ec9011b2741e,Vendor receivable from Aspire Awards for invoice 00031150
1/29/2025,31150,Accounts Receivable,,50,a145532a-5e68-4f14-95b9-ec9011b2741e,Vendor receivable from Aspire Awards for invoice 00031150
1/29/2025,31151,1310 · Vendor Receivable: Allergan,20,,7afd913b-be9d-4da7-b8b1-13f5ce593a32,Vendor receivable from Alle Rewards for invoice 00031151
1/29/2025,31151,Accounts Receivable,,20,7afd913b-be9d-4da7-b8b1-13f5ce593a32,Vendor receivable from Alle Rewards for invoice 00031151
1/29/2025,31153,1310 · Vendor Receivable: Allergan,20,,863dd62c-e16c-4464-a90f-b2eb44c06ace,Vendor receivable from Alle Rewards for invoice 00031153
1/29/2025,31153,Accounts Receivable,,20,863dd62c-e16c-4464-a90f-b2eb44c06ace,Vendor receivable from Alle Rewards for invoice 00031153
1/29/2025,31156,1310 · Vendor Receivable: Allergan,140,,77656f52-d700-4061-91b8-96b42a4645cf,Vendor receivable from Alle Rewards for invoice 00031156
1/29/2025,31156,Accounts Receivable,,140,77656f52-d700-4061-91b8-96b42a4645cf,Vendor receivable from Alle Rewards for invoice 00031156
1/29/2025,31158,1310 · Vendor Receivable: Allergan,100,,c0d05d0b-749f-47bc-8df7-86274a1cda7a,Vendor receivable from Alle Rewards for invoice 00031158
1/29/2025,31158,Accounts Receivable,,100,c0d05d0b-749f-47bc-8df7-86274a1cda7a,Vendor receivable from Alle Rewards for invoice 00031158
1/30/2025,31162,1310 · Vendor Receivable: Allergan,30,,87fe7b87-5962-4433-a828-616574d70b2f,Vendor receivable from Alle Rewards for invoice 00031162
1/30/2025,31162,Accounts Receivable,,30,87fe7b87-5962-4433-a828-616574d70b2f,Vendor receivable from Alle Rewards for invoice 00031162
1/31/2025,31165,1310 · Vendor Receivable: Allergan,20,,059d872c-0d2f-4e36-9f46-102a6521f0cd,Vendor receivable from Alle Rewards for invoice 00031165
1/31/2025,31165,Accounts Receivable,,20,059d872c-0d2f-4e36-9f46-102a6521f0cd,Vendor receivable from Alle Rewards for invoice 00031165
1/31/2025,31167,1310 · Vendor Receivable: Allergan,40,,5181f145-1ef7-4f50-9f49-f2e284c9b815,Vendor receivable from Alle Rewards for invoice 00031167
1/31/2025,31167,Accounts Receivable,,40,5181f145-1ef7-4f50-9f49-f2e284c9b815,Vendor receivable from Alle Rewards for invoice 00031167
1/31/2025,31174,1310 · Vendor Receivable: Allergan,30,,c242f969-2db5-4ddc-9f86-5809501cea53,Vendor receivable from Alle Rewards for invoice 00031174
1/31/2025,31174,Accounts Receivable,,30,c242f969-2db5-4ddc-9f86-5809501cea53,Vendor receivable from Alle Rewards for invoice 00031174
1/31/2025,31175,1330 · Vendor Receivable: Galderma,20,,278d2a51-8c12-4f6e-a7b3-502d7bf2ddaa,Vendor receivable from Aspire Awards for invoice 00031175
1/31/2025,31175,Accounts Receivable,,20,278d2a51-8c12-4f6e-a7b3-502d7bf2ddaa,Vendor receivable from Aspire Awards for invoice 00031175
1/31/2025,31178,1330 · Vendor Receivable: Galderma,50,,86287d37-6f05-41d9-b2da-4811fe943f30,Vendor receivable from Aspire Awards for invoice 00031178
1/31/2025,31178,Accounts Receivable,,50,86287d37-6f05-41d9-b2da-4811fe943f30,Vendor receivable from Aspire Awards for invoice 00031178
2/5/2025,31067,1310 · Vendor Receivable: Allergan,20,,cbecf023-a517-4965-8cb9-3963d88363ec,Vendor receivable from Alle Rewards for invoice 00031067
2/5/2025,31067,Accounts Receivable,,20,cbecf023-a517-4965-8cb9-3963d88363ec,Vendor receivable from Alle Rewards for invoice 00031067
2/5/2025,31148,1310 · Vendor Receivable: Allergan,40,,5185e637-f0b4-48ee-91e4-2a42493f0327,Vendor receivable from Alle Rewards for invoice 00031148
2/5/2025,31148,Accounts Receivable,,40,5185e637-f0b4-48ee-91e4-2a42493f0327,Vendor receivable from Alle Rewards for invoice 00031148
2/5/2025,32200,1310 · Vendor Receivable: Allergan,20,,2008b975-4d12-4f06-a420-1081cbee6b00,Vendor receivable from Alle Rewards for invoice 00032200
2/5/2025,32200,Accounts Receivable,,20,2008b975-4d12-4f06-a420-1081cbee6b00,Vendor receivable from Alle Rewards for invoice 00032200
2/7/2025,32212,1310 · Vendor Receivable: Allergan,20,,3d3d0eb4-c5e2-4dc8-ae91-0e1fc03e28f8,Vendor receivable from Alle Rewards for invoice 00032212
2/7/2025,32212,Accounts Receivable,,20,3d3d0eb4-c5e2-4dc8-ae91-0e1fc03e28f8,Vendor receivable from Alle Rewards for invoice 00032212
2/7/2025,32212,1330 · Vendor Receivable: Galderma,20,,3d3d0eb4-c5e2-4dc8-ae91-0e1fc03e28f8,Vendor receivable from Aspire Awards for invoice 00032212
2/7/2025,32212,Accounts Receivable,,20,3d3d0eb4-c5e2-4dc8-ae91-0e1fc03e28f8,Vendor receivable from Aspire Awards for invoice 00032212
2/7/2025,32214,1330 · Vendor Receivable: Galderma,20,,81fd5a7f-88f7-4636-b3ab-ff6ea87fa0bb,Vendor receivable from Aspire Awards for invoice 00032214
2/7/2025,32214,Accounts Receivable,,20,81fd5a7f-88f7-4636-b3ab-ff6ea87fa0bb,Vendor receivable from Aspire Awards for invoice 00032214
2/7/2025,32214,1310 · Vendor Receivable: Allergan,20,,81fd5a7f-88f7-4636-b3ab-ff6ea87fa0bb,Vendor receivable from Alle Rewards for invoice 00032214
2/7/2025,32214,Accounts Receivable,,20,81fd5a7f-88f7-4636-b3ab-ff6ea87fa0bb,Vendor receivable from Alle Rewards for invoice 00032214
2/7/2025,32219,1330 · Vendor Receivable: Galderma,20,,2844b897-1fd7-4d90-9253-2710b31c0378,Vendor receivable from Aspire Awards for invoice 00032219
2/7/2025,32219,Accounts Receivable,,20,2844b897-1fd7-4d90-9253-2710b31c0378,Vendor receivable from Aspire Awards for invoice 00032219
2/8/2025,32229,1310 · Vendor Receivable: Allergan,120,,8ede6956-c0cd-4ae4-bf19-37a94e4598aa,Vendor receivable from Alle Rewards for invoice 00032229
2/8/2025,32229,Accounts Receivable,,120,8ede6956-c0cd-4ae4-bf19-37a94e4598aa,Vendor receivable from Alle Rewards for invoice 00032229
2/11/2025,32243,1330 · Vendor Receivable: Galderma,50,,45fb6c75-0da9-492a-ac23-ce4acb66ff68,Vendor receivable from Aspire Awards for invoice 00032243
2/11/2025,32243,Accounts Receivable,,50,45fb6c75-0da9-492a-ac23-ce4acb66ff68,Vendor receivable from Aspire Awards for invoice 00032243
2/11/2025,32243,1310 · Vendor Receivable: Allergan,40,,45fb6c75-0da9-492a-ac23-ce4acb66ff68,Vendor receivable from Alle Rewards for invoice 00032243
2/11/2025,32243,Accounts Receivable,,40,45fb6c75-0da9-492a-ac23-ce4acb66ff68,Vendor receivable from Alle Rewards for invoice 00032243
2/11/2025,32244,1330 · Vendor Receivable: Galderma,50,,0154db70-4380-4079-8fec-c0cfa09e094e,Vendor receivable from Aspire Awards for invoice 00032244
2/11/2025,32244,Accounts Receivable,,50,0154db70-4380-4079-8fec-c0cfa09e094e,Vendor receivable from Aspire Awards for invoice 00032244
2/14/2025,32265,1310 · Vendor Receivable: Allergan,20,,ca2d1b29-0d9e-4dba-8ba8-6992791c607f,Vendor receivable from Alle Rewards for invoice 00032265
2/14/2025,32265,Accounts Receivable,,20,ca2d1b29-0d9e-4dba-8ba8-6992791c607f,Vendor receivable from Alle Rewards for invoice 00032265
2/14/2025,32265,1330 · Vendor Receivable: Galderma,50,,ca2d1b29-0d9e-4dba-8ba8-6992791c607f,Vendor receivable from Aspire Awards for invoice 00032265
2/14/2025,32265,Accounts Receivable,,50,ca2d1b29-0d9e-4dba-8ba8-6992791c607f,Vendor receivable from Aspire Awards for invoice 00032265
2/14/2025,32271,1310 · Vendor Receivable: Allergan,60,,fe21f5a8-9e2c-45e6-bf65-9cbfd63b9d7c,Vendor receivable from Alle Rewards for invoice 00032271
2/14/2025,32271,Accounts Receivable,,60,fe21f5a8-9e2c-45e6-bf65-9cbfd63b9d7c,Vendor receivable from Alle Rewards for invoice 00032271
2/14/2025,32273,1310 · Vendor Receivable: Allergan,20,,a2835682-54a8-45c1-80fc-d78b60aefa73,Vendor receivable from Alle Rewards for invoice 00032273
2/14/2025,32273,Accounts Receivable,,20,a2835682-54a8-45c1-80fc-d78b60aefa73,Vendor receivable from Alle Rewards for invoice 00032273
2/14/2025,32273,1210 · Cherry Receivable,799.62,,a2835682-54a8-45c1-80fc-d78b60aefa73,Vendor receivable from Cherry for invoice 00032273
2/14/2025,32273,Accounts Receivable,,799.62,a2835682-54a8-45c1-80fc-d78b60aefa73,Vendor receivable from Cherry for invoice 00032273
2/19/2025,32297,1310 · Vendor Receivable: Allergan,40,,f2c31ed8-afe8-496c-87e6-956b042e0cc8,Vendor receivable from Alle Rewards for invoice 00032297
2/19/2025,32297,Accounts Receivable,,40,f2c31ed8-afe8-496c-87e6-956b042e0cc8,Vendor receivable from Alle Rewards for invoice 00032297
2/19/2025,32300,1310 · Vendor Receivable: Allergan,80,,f8ab3a44-1bb6-4643-81ab-4d1f7069075f,Vendor receivable from Alle Rewards for invoice 00032300
2/19/2025,32300,Accounts Receivable,,80,f8ab3a44-1bb6-4643-81ab-4d1f7069075f,Vendor receivable from Alle Rewards for invoice 00032300
2/19/2025,32301,1310 · Vendor Receivable: Allergan,20,,5f66c0bb-a585-45df-b553-216dcbb4c335,Vendor receivable from Alle Rewards for invoice 00032301
2/19/2025,32301,Accounts Receivable,,20,5f66c0bb-a585-45df-b553-216dcbb4c335,Vendor receivable from Alle Rewards for invoice 00032301
2/19/2025,32302,1310 · Vendor Receivable: Allergan,100,,e1f3fa70-7bb0-4d60-b45d-96d5a32f43c5,Vendor receivable from Alle Rewards for invoice 00032302
2/19/2025,32302,Accounts Receivable,,100,e1f3fa70-7bb0-4d60-b45d-96d5a32f43c5,Vendor receivable from Alle Rewards for invoice 00032302
2/19/2025,32302,1330 · Vendor Receivable: Galderma,50,,e1f3fa70-7bb0-4d60-b45d-96d5a32f43c5,Vendor receivable from Aspire Awards for invoice 00032302
2/19/2025,32302,Accounts Receivable,,50,e1f3fa70-7bb0-4d60-b45d-96d5a32f43c5,Vendor receivable from Aspire Awards for invoice 00032302
2/19/2025,32304,1310 · Vendor Receivable: Allergan,40,,520470fc-0bad-4350-9fd7-846477f95609,Vendor receivable from Alle Rewards for invoice 00032304
2/19/2025,32304,Accounts Receivable,,40,520470fc-0bad-4350-9fd7-846477f95609,Vendor receivable from Alle Rewards for invoice 00032304
2/19/2025,32306,1310 · Vendor Receivable: Allergan,25,,a47dfe0f-d8aa-4025-b70c-59d64377c2a6,Vendor receivable from Alle Rewards for invoice 00032306
2/19/2025,32306,Accounts Receivable,,25,a47dfe0f-d8aa-4025-b70c-59d64377c2a6,Vendor receivable from Alle Rewards for invoice 00032306
2/19/2025,32309,1310 · Vendor Receivable: Allergan,40,,328fe137-c6e7-4f49-8da7-83d975cf3c38,Vendor receivable from Alle Rewards for invoice 00032309
2/19/2025,32309,Accounts Receivable,,40,328fe137-c6e7-4f49-8da7-83d975cf3c38,Vendor receivable from Alle Rewards for invoice 00032309
2/21/2025,31145,1330 · Vendor Receivable: Galderma,50,,8a59b564-5363-4700-bb0e-510948aab9cd,Vendor receivable from Aspire Awards for invoice 00031145
2/21/2025,31145,Accounts Receivable,,50,8a59b564-5363-4700-bb0e-510948aab9cd,Vendor receivable from Aspire Awards for invoice 00031145
2/21/2025,32329,1310 · Vendor Receivable: Allergan,20,,71b5dbdb-3006-4972-87da-68b9f9d29f86,Vendor receivable from Alle Rewards for invoice 00032329
2/21/2025,32329,Accounts Receivable,,20,71b5dbdb-3006-4972-87da-68b9f9d29f86,Vendor receivable from Alle Rewards for invoice 00032329
2/26/2025,32226,1310 · Vendor Receivable: Allergan,150,,850eed8e-993b-4957-8f7b-60ec78ad6f07,Vendor receivable from Alle Rewards for invoice 00032226
2/26/2025,32226,Accounts Receivable,,150,850eed8e-993b-4957-8f7b-60ec78ad6f07,Vendor receivable from Alle Rewards for invoice 00032226
2/26/2025,32354,1310 · Vendor Receivable: Allergan,20,,0dd5a81b-e8b7-4575-bb2f-97f47d90f638,Vendor receivable from Alle Rewards for invoice 00032354
2/26/2025,32354,Accounts Receivable,,20,0dd5a81b-e8b7-4575-bb2f-97f47d90f638,Vendor receivable from Alle Rewards for invoice 00032354
2/26/2025,32355,1310 · Vendor Receivable: Allergan,20,,bced6a0e-0879-4ffc-95ea-c347223fe3b5,Vendor receivable from Alle Rewards for invoice 00032355
2/26/2025,32355,Accounts Receivable,,20,bced6a0e-0879-4ffc-95ea-c347223fe3b5,Vendor receivable from Alle Rewards for invoice 00032355
2/28/2025,32369,1310 · Vendor Receivable: Allergan,20,,5d2c3c8d-a2c4-4f00-89cc-c1ea7ac625d4,Vendor receivable from Alle Rewards for invoice 00032369
2/28/2025,32369,Accounts Receivable,,20,5d2c3c8d-a2c4-4f00-89cc-c1ea7ac625d4,Vendor receivable from Alle Rewards for invoice 00032369
2/28/2025,32372,1310 · Vendor Receivable: Allergan,20,,b6dd7bd2-f305-408d-9567-8052ec50c678,Vendor receivable from Alle Rewards for invoice 00032372
2/28/2025,32372,Accounts Receivable,,20,b6dd7bd2-f305-408d-9567-8052ec50c678,Vendor receivable from Alle Rewards for invoice 00032372
2/28/2025,32374,1310 · Vendor Receivable: Allergan,30,,84886c9f-1236-4626-b998-68e426ca869d,Vendor receivable from Alle Rewards for invoice 00032374
2/28/2025,32374,Accounts Receivable,,30,84886c9f-1236-4626-b998-68e426ca869d,Vendor receivable from Alle Rewards for invoice 00032374
3/5/2025,32414,1310 · Vendor Receivable: Allergan,40,,adf165d7-c723-4e70-afcc-4bc4633de85b,Vendor receivable from Alle Rewards for invoice 00032414
3/5/2025,32414,Accounts Receivable,,40,adf165d7-c723-4e70-afcc-4bc4633de85b,Vendor receivable from Alle Rewards for invoice 00032414
3/5/2025,32416,1310 · Vendor Receivable: Allergan,40,,39518f2e-1bcc-42bf-888b-0cccabab3554,Vendor receivable from Alle Rewards for invoice 00032416
3/5/2025,32416,Accounts Receivable,,40,39518f2e-1bcc-42bf-888b-0cccabab3554,Vendor receivable from Alle Rewards for invoice 00032416
3/5/2025,32417,1310 · Vendor Receivable: Allergan,50,,f3419cdc-142d-4010-ae9a-4d1aa76d8e8d,Vendor receivable from Alle Rewards for invoice 00032417
3/5/2025,32417,Accounts Receivable,,50,f3419cdc-142d-4010-ae9a-4d1aa76d8e8d,Vendor receivable from Alle Rewards for invoice 00032417
3/5/2025,32417,1330 · Vendor Receivable: Galderma,20,,f3419cdc-142d-4010-ae9a-4d1aa76d8e8d,Vendor receivable from Aspire Awards for invoice 00032417
3/5/2025,32417,Accounts Receivable,,20,f3419cdc-142d-4010-ae9a-4d1aa76d8e8d,Vendor receivable from Aspire Awards for invoice 00032417
3/7/2025,32431,1310 · Vendor Receivable: Allergan,70,,6aba4ea7-0b7b-47d0-a30a-703a66e47887,Vendor receivable from Alle Rewards for invoice 00032431
3/7/2025,32431,Accounts Receivable,,70,6aba4ea7-0b7b-47d0-a30a-703a66e47887,Vendor receivable from Alle Rewards for invoice 00032431
3/7/2025,32432,1310 · Vendor Receivable: Allergan,20,,9701f4a9-f157-4945-8289-144d52196dac,Vendor receivable from Alle Rewards for invoice 00032432
3/7/2025,32432,Accounts Receivable,,20,9701f4a9-f157-4945-8289-144d52196dac,Vendor receivable from Alle Rewards for invoice 00032432
3/7/2025,32433,1310 · Vendor Receivable: Allergan,64,,0d4dd0d3-1192-49f5-99be-12f6e416650c,Vendor receivable from Alle Rewards for invoice 00032433
3/7/2025,32433,Accounts Receivable,,64,0d4dd0d3-1192-49f5-99be-12f6e416650c,Vendor receivable from Alle Rewards for invoice 00032433
3/7/2025,32434,1310 · Vendor Receivable: Allergan,20,,a47dfe0f-d8aa-4025-b70c-59d64377c2a6,Vendor receivable from Alle Rewards for invoice 00032434
3/7/2025,32434,Accounts Receivable,,20,a47dfe0f-d8aa-4025-b70c-59d64377c2a6,Vendor receivable from Alle Rewards for invoice 00032434
3/7/2025,32441,1330 · Vendor Receivable: Galderma,40,,8a59b564-5363-4700-bb0e-510948aab9cd,Vendor receivable from Aspire Awards for invoice 00032441
3/7/2025,32441,Accounts Receivable,,40,8a59b564-5363-4700-bb0e-510948aab9cd,Vendor receivable from Aspire Awards for invoice 00032441
3/7/2025,32441,1310 · Vendor Receivable: Allergan,20,,8a59b564-5363-4700-bb0e-510948aab9cd,Vendor receivable from Alle Rewards for invoice 00032441
3/7/2025,32441,Accounts Receivable,,20,8a59b564-5363-4700-bb0e-510948aab9cd,Vendor receivable from Alle Rewards for invoice 00032441
3/12/2025,32383,1310 · Vendor Receivable: Allergan,120,,5e69d0ba-f7ea-4e2c-8324-3f68d945054a,Vendor receivable from Alle Rewards for invoice 00032383
3/12/2025,32383,Accounts Receivable,,120,5e69d0ba-f7ea-4e2c-8324-3f68d945054a,Vendor receivable from Alle Rewards for invoice 00032383
3/12/2025,32475,1310 · Vendor Receivable: Allergan,360,,80788200-0a52-403c-bb17-47683e076ff2,Vendor receivable from Alle Rewards for invoice 00032475
3/12/2025,32475,Accounts Receivable,,360,80788200-0a52-403c-bb17-47683e076ff2,Vendor receivable from Alle Rewards for invoice 00032475
3/12/2025,32476,1310 · Vendor Receivable: Allergan,120,,5ee303d5-6ca4-4c6c-806d-04744b7552dc,Vendor receivable from Alle Rewards for invoice 00032476
3/12/2025,32476,Accounts Receivable,,120,5ee303d5-6ca4-4c6c-806d-04744b7552dc,Vendor receivable from Alle Rewards for invoice 00032476
3/12/2025,32480,1310 · Vendor Receivable: Allergan,25,,3781f4a8-d7c3-44a4-81dc-c35da019fede,Vendor receivable from Alle Rewards for invoice 00032480
3/12/2025,32480,Accounts Receivable,,25,3781f4a8-d7c3-44a4-81dc-c35da019fede,Vendor receivable from Alle Rewards for invoice 00032480
3/14/2025,32494,1310 · Vendor Receivable: Allergan,40,,fb03edd7-1328-4ce5-bed1-06fba1d97acd,Vendor receivable from Alle Rewards for invoice 00032494
3/14/2025,32494,Accounts Receivable,,40,fb03edd7-1328-4ce5-bed1-06fba1d97acd,Vendor receivable from Alle Rewards for invoice 00032494
3/14/2025,32496,1310 · Vendor Receivable: Allergan,50,,55833f13-6798-4e8b-9854-4ff64bd4ca89,Vendor receivable from Alle Rewards for invoice 00032496
3/14/2025,32496,Accounts Receivable,,50,55833f13-6798-4e8b-9854-4ff64bd4ca89,Vendor receivable from Alle Rewards for invoice 00032496
3/19/2025,32516,1310 · Vendor Receivable: Allergan,20,,01a2d0fa-38eb-421f-b283-7b360f629a52,Vendor receivable from Alle Rewards for invoice 00032516
3/19/2025,32516,Accounts Receivable,,20,01a2d0fa-38eb-421f-b283-7b360f629a52,Vendor receivable from Alle Rewards for invoice 00032516
3/21/2025,32521,1310 · Vendor Receivable: Allergan,20,,00387316-f27a-4f12-afad-c876ae0d1a1f,Vendor receivable from Alle Rewards for invoice 00032521
3/21/2025,32521,Accounts Receivable,,20,00387316-f27a-4f12-afad-c876ae0d1a1f,Vendor receivable from Alle Rewards for invoice 00032521
3/21/2025,32525,1310 · Vendor Receivable: Allergan,40,,ff964ee0-4b07-4770-b099-edd5fffb4c15,Vendor receivable from Alle Rewards for invoice 00032525
3/21/2025,32525,Accounts Receivable,,40,ff964ee0-4b07-4770-b099-edd5fffb4c15,Vendor receivable from Alle Rewards for invoice 00032525
3/21/2025,32526,1310 · Vendor Receivable: Allergan,20,,70b11ce3-3b12-4864-a027-372e95f76ed5,Vendor receivable from Alle Rewards for invoice 00032526
3/21/2025,32526,Accounts Receivable,,20,70b11ce3-3b12-4864-a027-372e95f76ed5,Vendor receivable from Alle Rewards for invoice 00032526
3/21/2025,32527,1310 · Vendor Receivable: Allergan,20,,891313b5-ff60-458b-a49c-08adb0ababa6,Vendor receivable from Alle Rewards for invoice 00032527
3/21/2025,32527,Accounts Receivable,,20,891313b5-ff60-458b-a49c-08adb0ababa6,Vendor receivable from Alle Rewards for invoice 00032527
3/21/2025,32531,1310 · Vendor Receivable: Allergan,20,,84886c9f-1236-4626-b998-68e426ca869d,Vendor receivable from Alle Rewards for invoice 00032531
3/21/2025,32531,Accounts Receivable,,20,84886c9f-1236-4626-b998-68e426ca869d,Vendor receivable from Alle Rewards for invoice 00032531
3/26/2025,32571,1310 · Vendor Receivable: Allergan,50,,8ee0b25e-b8cc-4828-8c6d-cbe0ff2eba5e,Vendor receivable from Alle Rewards for invoice 00032571
3/26/2025,32571,Accounts Receivable,,50,8ee0b25e-b8cc-4828-8c6d-cbe0ff2eba5e,Vendor receivable from Alle Rewards for invoice 00032571
3/26/2025,32571,1330 · Vendor Receivable: Galderma,25,,8ee0b25e-b8cc-4828-8c6d-cbe0ff2eba5e,Vendor receivable from Aspire Awards for invoice 00032571
3/26/2025,32571,Accounts Receivable,,25,8ee0b25e-b8cc-4828-8c6d-cbe0ff2eba5e,Vendor receivable from Aspire Awards for invoice 00032571
3/26/2025,32572,1310 · Vendor Receivable: Allergan,40,,c0d05d0b-749f-47bc-8df7-86274a1cda7a,Vendor receivable from Alle Rewards for invoice 00032572
3/26/2025,32572,Accounts Receivable,,40,c0d05d0b-749f-47bc-8df7-86274a1cda7a,Vendor receivable from Alle Rewards for invoice 00032572
3/28/2025,32587,1330 · Vendor Receivable: Galderma,85,,ad564527-59cf-4c9e-918c-0bdb19c6510a,Vendor receivable from Aspire Awards for invoice 00032587
3/28/2025,32587,Accounts Receivable,,85,ad564527-59cf-4c9e-918c-0bdb19c6510a,Vendor receivable from Aspire Awards for invoice 00032587
3/28/2025,32592,1330 · Vendor Receivable: Galderma,45,,74b5adcd-6c6b-4ecf-8a4a-d4b05dd11466,Vendor receivable from Aspire Awards for invoice 00032592
3/28/2025,32592,Accounts Receivable,,45,74b5adcd-6c6b-4ecf-8a4a-d4b05dd11466,Vendor receivable from Aspire Awards for invoice 00032592
3/28/2025,32592,1310 · Vendor Receivable: Allergan,90,,74b5adcd-6c6b-4ecf-8a4a-d4b05dd11466,Vendor receivable from Alle Rewards for invoice 00032592
3/28/2025,32592,Accounts Receivable,,90,74b5adcd-6c6b-4ecf-8a4a-d4b05dd11466,Vendor receivable from Alle Rewards for invoice 00032592
3/28/2025,32592,1210 · Cherry Receivable,1229.39,,74b5adcd-6c6b-4ecf-8a4a-d4b05dd11466,Vendor receivable from Cherry for invoice 00032592
3/28/2025,32592,Accounts Receivable,,1229.39,74b5adcd-6c6b-4ecf-8a4a-d4b05dd11466,Vendor receivable from Cherry for invoice 00032592
3/28/2025,32593,1310 · Vendor Receivable: Allergan,20,,a2a4741f-bced-45dc-8ea5-126b55e919a4,Vendor receivable from Alle Rewards for invoice 00032593
3/28/2025,32593,Accounts Receivable,,20,a2a4741f-bced-45dc-8ea5-126b55e919a4,Vendor receivable from Alle Rewards for invoice 00032593
3/28/2025,32601,1310 · Vendor Receivable: Allergan,150,,e6d299c4-9123-46ab-8fd7-aded5458b066,Vendor receivable from Alle Rewards for invoice 00032601
3/28/2025,32601,Accounts Receivable,,150,e6d299c4-9123-46ab-8fd7-aded5458b066,Vendor receivable from Alle Rewards for invoice 00032601
3/28/2025,32602,1310 · Vendor Receivable: Allergan,120,,aa1b624b-5292-4806-9d73-a73b2c24d3f5,Vendor receivable from Alle Rewards for invoice 00032602
3/28/2025,32602,Accounts Receivable,,120,aa1b624b-5292-4806-9d73-a73b2c24d3f5,Vendor receivable from Alle Rewards for invoice 00032602
4/2/2025,33619,1310 · Vendor Receivable: Allergan,60,,5d965ce6-acc6-4762-870a-c2a6aa819343,Vendor receivable from Alle Rewards for invoice 00033619
4/2/2025,33619,Accounts Receivable,,60,5d965ce6-acc6-4762-870a-c2a6aa819343,Vendor receivable from Alle Rewards for invoice 00033619
4/2/2025,33619,1330 · Vendor Receivable: Galderma,25,,5d965ce6-acc6-4762-870a-c2a6aa819343,Vendor receivable from Aspire Awards for invoice 00033619
4/2/2025,33619,Accounts Receivable,,25,5d965ce6-acc6-4762-870a-c2a6aa819343,Vendor receivable from Aspire Awards for invoice 00033619
4/2/2025,33621,1310 · Vendor Receivable: Allergan,50,,6b28dd4c-4819-4743-a931-f86544562c91,Vendor receivable from Alle Rewards for invoice 00033621
4/2/2025,33621,Accounts Receivable,,50,6b28dd4c-4819-4743-a931-f86544562c91,Vendor receivable from Alle Rewards for invoice 00033621
4/2/2025,33621,1330 · Vendor Receivable: Galderma,65,,6b28dd4c-4819-4743-a931-f86544562c91,Vendor receivable from Aspire Awards for invoice 00033621
4/2/2025,33621,Accounts Receivable,,65,6b28dd4c-4819-4743-a931-f86544562c91,Vendor receivable from Aspire Awards for invoice 00033621
4/2/2025,33621,1210 · Cherry Receivable,638.6,,6b28dd4c-4819-4743-a931-f86544562c91,Vendor receivable from Cherry for invoice 00033621
4/2/2025,33621,Accounts Receivable,,638.6,6b28dd4c-4819-4743-a931-f86544562c91,Vendor receivable from Cherry for invoice 00033621
4/2/2025,33634,1330 · Vendor Receivable: Galderma,20,,7a63c954-e1ee-417b-bb99-c460d8eded26,Vendor receivable from Aspire Awards for invoice 00033634
4/2/2025,33634,Accounts Receivable,,20,7a63c954-e1ee-417b-bb99-c460d8eded26,Vendor receivable from Aspire Awards for invoice 00033634
4/9/2025,33674,1330 · Vendor Receivable: Galderma,45,,37ec8873-53cd-4cca-88e6-b4da2c14c94f,Vendor receivable from Aspire Awards for invoice 00033674
4/9/2025,33674,Accounts Receivable,,45,37ec8873-53cd-4cca-88e6-b4da2c14c94f,Vendor receivable from Aspire Awards for invoice 00033674
4/9/2025,33675,1310 · Vendor Receivable: Allergan,30,,5d2c3c8d-a2c4-4f00-89cc-c1ea7ac625d4,Vendor receivable from Alle Rewards for invoice 00033675
4/9/2025,33675,Accounts Receivable,,30,5d2c3c8d-a2c4-4f00-89cc-c1ea7ac625d4,Vendor receivable from Alle Rewards for invoice 00033675
4/16/2025,33707,1330 · Vendor Receivable: Galderma,25,,d7b96e6c-bad5-4412-af08-2de57fbce0a6,Vendor receivable from Aspire Awards for invoice 00033707
4/16/2025,33707,Accounts Receivable,,25,d7b96e6c-bad5-4412-af08-2de57fbce0a6,Vendor receivable from Aspire Awards for invoice 00033707
4/16/2025,33709,1310 · Vendor Receivable: Allergan,20,,c2381412-c865-4bfe-8e7e-8a0fc1d0846a,Vendor receivable from Alle Rewards for invoice 00033709
4/16/2025,33709,Accounts Receivable,,20,c2381412-c865-4bfe-8e7e-8a0fc1d0846a,Vendor receivable from Alle Rewards for invoice 00033709
4/16/2025,33713,1310 · Vendor Receivable: Allergan,60,,850eed8e-993b-4957-8f7b-60ec78ad6f07,Vendor receivable from Alle Rewards for invoice 00033713
4/16/2025,33713,Accounts Receivable,,60,850eed8e-993b-4957-8f7b-60ec78ad6f07,Vendor receivable from Alle Rewards for invoice 00033713
4/16/2025,33718,1310 · Vendor Receivable: Allergan,40,,425bc7d4-bc3c-4ed7-b692-c724050545fa,Vendor receivable from Alle Rewards for invoice 00033718
4/16/2025,33718,Accounts Receivable,,40,425bc7d4-bc3c-4ed7-b692-c724050545fa,Vendor receivable from Alle Rewards for invoice 00033718
4/16/2025,33719,1310 · Vendor Receivable: Allergan,40,,dfe3ba2e-ec3b-4d42-a904-93df6fe8fe20,Vendor receivable from Alle Rewards for invoice 00033719
4/16/2025,33719,Accounts Receivable,,40,dfe3ba2e-ec3b-4d42-a904-93df6fe8fe20,Vendor receivable from Alle Rewards for invoice 00033719
4/16/2025,33720,1310 · Vendor Receivable: Allergan,65,,a5b66bfc-8447-4582-b340-bff0f4e78af7,Vendor receivable from Alle Rewards for invoice 00033720
4/16/2025,33720,Accounts Receivable,,65,a5b66bfc-8447-4582-b340-bff0f4e78af7,Vendor receivable from Alle Rewards for invoice 00033720
4/16/2025,33721,1310 · Vendor Receivable: Allergan,80,,4badf727-a203-41ef-99f0-72e713a1450a,Vendor receivable from Alle Rewards for invoice 00033721
4/16/2025,33721,Accounts Receivable,,80,4badf727-a203-41ef-99f0-72e713a1450a,Vendor receivable from Alle Rewards for invoice 00033721
4/16/2025,33722,1310 · Vendor Receivable: Allergan,65,,63dd5c33-66dc-468f-8375-c098d665b9f2,Vendor receivable from Alle Rewards for invoice 00033722
4/16/2025,33722,Accounts Receivable,,65,63dd5c33-66dc-468f-8375-c098d665b9f2,Vendor receivable from Alle Rewards for invoice 00033722
4/16/2025,33723,1310 · Vendor Receivable: Allergan,40,,8a7efebc-36ec-41ba-9b5b-cc05d233e027,Vendor receivable from Alle Rewards for invoice 00033723
4/16/2025,33723,Accounts Receivable,,40,8a7efebc-36ec-41ba-9b5b-cc05d233e027,Vendor receivable from Alle Rewards for invoice 00033723
4/16/2025,33724,1310 · Vendor Receivable: Allergan,30,,e86cb3c6-4164-4fa1-8273-aef2570517ad,Vendor receivable from Alle Rewards for invoice 00033724
4/16/2025,33724,Accounts Receivable,,30,e86cb3c6-4164-4fa1-8273-aef2570517ad,Vendor receivable from Alle Rewards for invoice 00033724
4/18/2025,33730,1310 · Vendor Receivable: Allergan,60,,d07dd33a-ac27-45cd-8ed0-0edfb14d5729,Vendor receivable from Alle Rewards for invoice 00033730
4/18/2025,33730,Accounts Receivable,,60,d07dd33a-ac27-45cd-8ed0-0edfb14d5729,Vendor receivable from Alle Rewards for invoice 00033730
4/18/2025,33732,1310 · Vendor Receivable: Allergan,70,,b44d561d-08f2-4f52-8075-6baf709fbad8,Vendor receivable from Alle Rewards for invoice 00033732
4/18/2025,33732,Accounts Receivable,,70,b44d561d-08f2-4f52-8075-6baf709fbad8,Vendor receivable from Alle Rewards for invoice 00033732
4/18/2025,33739,1310 · Vendor Receivable: Allergan,50,,0fe9c8be-eb31-403a-809e-544c23d66a1d,Vendor receivable from Alle Rewards for invoice 00033739
4/18/2025,33739,Accounts Receivable,,50,0fe9c8be-eb31-403a-809e-544c23d66a1d,Vendor receivable from Alle Rewards for invoice 00033739
4/18/2025,33741,1310 · Vendor Receivable: Allergan,20,,a54b5182-1cb6-4ba7-bf6d-64137b3dff27,Vendor receivable from Alle Rewards for invoice 00033741
4/18/2025,33741,Accounts Receivable,,20,a54b5182-1cb6-4ba7-bf6d-64137b3dff27,Vendor receivable from Alle Rewards for invoice 00033741
4/18/2025,33741,1330 · Vendor Receivable: Galderma,20,,a54b5182-1cb6-4ba7-bf6d-64137b3dff27,Vendor receivable from Aspire Awards for invoice 00033741
4/18/2025,33741,Accounts Receivable,,20,a54b5182-1cb6-4ba7-bf6d-64137b3dff27,Vendor receivable from Aspire Awards for invoice 00033741
4/23/2025,33756,1310 · Vendor Receivable: Allergan,20,,f8ab3a44-1bb6-4643-81ab-4d1f7069075f,Vendor receivable from Alle Rewards for invoice 00033756
4/23/2025,33756,Accounts Receivable,,20,f8ab3a44-1bb6-4643-81ab-4d1f7069075f,Vendor receivable from Alle Rewards for invoice 00033756
4/23/2025,33759,1310 · Vendor Receivable: Allergan,20,,88141eb1-2659-40d9-81ff-4820f4078c89,Vendor receivable from Alle Rewards for invoice 00033759
4/23/2025,33759,Accounts Receivable,,20,88141eb1-2659-40d9-81ff-4820f4078c89,Vendor receivable from Alle Rewards for invoice 00033759
4/23/2025,33760,1330 · Vendor Receivable: Galderma,20,,9b9d4704-d711-433a-b157-c12132061b34,Vendor receivable from Aspire Awards for invoice 00033760
4/23/2025,33760,Accounts Receivable,,20,9b9d4704-d711-433a-b157-c12132061b34,Vendor receivable from Aspire Awards for invoice 00033760
4/23/2025,33762,1310 · Vendor Receivable: Allergan,30,,77656f52-d700-4061-91b8-96b42a4645cf,Vendor receivable from Alle Rewards for invoice 00033762
4/23/2025,33762,Accounts Receivable,,30,77656f52-d700-4061-91b8-96b42a4645cf,Vendor receivable from Alle Rewards for invoice 00033762
4/23/2025,33770,1310 · Vendor Receivable: Allergan,65,,f636581c-8b20-4756-bf21-269674811598,Vendor receivable from Alle Rewards for invoice 00033770
4/23/2025,33770,Accounts Receivable,,65,f636581c-8b20-4756-bf21-269674811598,Vendor receivable from Alle Rewards for invoice 00033770
4/25/2025,33791,1310 · Vendor Receivable: Allergan,40,,5d2c3c8d-a2c4-4f00-89cc-c1ea7ac625d4,Vendor receivable from Alle Rewards for invoice 00033791
4/25/2025,33791,Accounts Receivable,,40,5d2c3c8d-a2c4-4f00-89cc-c1ea7ac625d4,Vendor receivable from Alle Rewards for invoice 00033791
4/30/2025,34811,1310 · Vendor Receivable: Allergan,40,,f5a8c813-ffcf-4ceb-958c-1e6975912cc6,Vendor receivable from Alle Rewards for invoice 00034811
4/30/2025,34811,Accounts Receivable,,40,f5a8c813-ffcf-4ceb-958c-1e6975912cc6,Vendor receivable from Alle Rewards for invoice 00034811
4/30/2025,34814,1330 · Vendor Receivable: Galderma,20,,278d2a51-8c12-4f6e-a7b3-502d7bf2ddaa,Vendor receivable from Aspire Awards for invoice 00034814
4/30/2025,34814,Accounts Receivable,,20,278d2a51-8c12-4f6e-a7b3-502d7bf2ddaa,Vendor receivable from Aspire Awards for invoice 00034814
4/30/2025,34818,1310 · Vendor Receivable: Allergan,20,,0d4dd0d3-1192-49f5-99be-12f6e416650c,Vendor receivable from Alle Rewards for invoice 00034818
4/30/2025,34818,Accounts Receivable,,20,0d4dd0d3-1192-49f5-99be-12f6e416650c,Vendor receivable from Alle Rewards for invoice 00034818
4/30/2025,34820,1310 · Vendor Receivable: Allergan,20,,78de30c4-dd3f-4abe-a6d3-412da722d8f5,Vendor receivable from Alle Rewards for invoice 00034820
4/30/2025,34820,Accounts Receivable,,20,78de30c4-dd3f-4abe-a6d3-412da722d8f5,Vendor receivable from Alle Rewards for invoice 00034820
4/30/2025,34820,1330 · Vendor Receivable: Galderma,20,,78de30c4-dd3f-4abe-a6d3-412da722d8f5,Vendor receivable from Aspire Awards for invoice 00034820
4/30/2025,34820,Accounts Receivable,,20,78de30c4-dd3f-4abe-a6d3-412da722d8f5,Vendor receivable from Aspire Awards for invoice 00034820
4/30/2025,34822,1310 · Vendor Receivable: Allergan,20,,d7819a16-2776-46bf-b71a-205e538ccbd3,Vendor receivable from Alle Rewards for invoice 00034822
4/30/2025,34822,Accounts Receivable,,20,d7819a16-2776-46bf-b71a-205e538ccbd3,Vendor receivable from Alle Rewards for invoice 00034822
4/30/2025,34828,1310 · Vendor Receivable: Allergan,40,,6523d9c0-c7dc-4133-aea9-d229da32ebc6,Vendor receivable from Alle Rewards for invoice 00034828
4/30/2025,34828,Accounts Receivable,,40,6523d9c0-c7dc-4133-aea9-d229da32ebc6,Vendor receivable from Alle Rewards for invoice 00034828
4/30/2025,34831,1310 · Vendor Receivable: Allergan,50,,6177b08f-2c28-4e89-bc6e-8db3f732b150,Vendor receivable from Alle Rewards for invoice 00034831
4/30/2025,34831,Accounts Receivable,,50,6177b08f-2c28-4e89-bc6e-8db3f732b150,Vendor receivable from Alle Rewards for invoice 00034831
5/1/2025,34841,1310 · Vendor Receivable: Allergan,20,,a2835682-54a8-45c1-80fc-d78b60aefa73,Vendor receivable from Alle Rewards for invoice 00034841
5/1/2025,34841,Accounts Receivable,,20,a2835682-54a8-45c1-80fc-d78b60aefa73,Vendor receivable from Alle Rewards for invoice 00034841
5/1/2025,34841,1210 · Cherry Receivable,724,,a2835682-54a8-45c1-80fc-d78b60aefa73,Vendor receivable from Cherry for invoice 00034841
5/1/2025,34841,Accounts Receivable,,724,a2835682-54a8-45c1-80fc-d78b60aefa73,Vendor receivable from Cherry for invoice 00034841
5/7/2025,34868,1310 · Vendor Receivable: Allergan,170,,5181f145-1ef7-4f50-9f49-f2e284c9b815,Vendor receivable from Alle Rewards for invoice 00034868
5/7/2025,34868,Accounts Receivable,,170,5181f145-1ef7-4f50-9f49-f2e284c9b815,Vendor receivable from Alle Rewards for invoice 00034868
5/7/2025,34873,1310 · Vendor Receivable: Allergan,170,,c2381412-c865-4bfe-8e7e-8a0fc1d0846a,Vendor receivable from Alle Rewards for invoice 00034873
5/7/2025,34873,Accounts Receivable,,170,c2381412-c865-4bfe-8e7e-8a0fc1d0846a,Vendor receivable from Alle Rewards for invoice 00034873
5/7/2025,34874,1330 · Vendor Receivable: Galderma,20,,96ad8012-2940-470a-b989-00480b603b40,Vendor receivable from Aspire Awards for invoice 00034874
5/7/2025,34874,Accounts Receivable,,20,96ad8012-2940-470a-b989-00480b603b40,Vendor receivable from Aspire Awards for invoice 00034874
5/7/2025,34875,1310 · Vendor Receivable: Allergan,150,,88141eb1-2659-40d9-81ff-4820f4078c89,Vendor receivable from Alle Rewards for invoice 00034875
5/7/2025,34875,Accounts Receivable,,150,88141eb1-2659-40d9-81ff-4820f4078c89,Vendor receivable from Alle Rewards for invoice 00034875
5/7/2025,34878,1310 · Vendor Receivable: Allergan,150,,5423b822-a8dd-462f-87d5-b4827d14dd3d,Vendor receivable from Alle Rewards for invoice 00034878
5/7/2025,34878,Accounts Receivable,,150,5423b822-a8dd-462f-87d5-b4827d14dd3d,Vendor receivable from Alle Rewards for invoice 00034878
5/7/2025,34880,1310 · Vendor Receivable: Allergan,170,,0fe9c8be-eb31-403a-809e-544c23d66a1d,Vendor receivable from Alle Rewards for invoice 00034880
5/7/2025,34880,Accounts Receivable,,170,0fe9c8be-eb31-403a-809e-544c23d66a1d,Vendor receivable from Alle Rewards for invoice 00034880
5/7/2025,34883,1310 · Vendor Receivable: Allergan,40,,99212a86-b8d0-4450-a839-40f4ff1aa87c,Vendor receivable from Alle Rewards for invoice 00034883
5/7/2025,34883,Accounts Receivable,,40,99212a86-b8d0-4450-a839-40f4ff1aa87c,Vendor receivable from Alle Rewards for invoice 00034883
5/7/2025,34883,1330 · Vendor Receivable: Galderma,20,,99212a86-b8d0-4450-a839-40f4ff1aa87c,Vendor receivable from Aspire Awards for invoice 00034883
5/7/2025,34883,Accounts Receivable,,20,99212a86-b8d0-4450-a839-40f4ff1aa87c,Vendor receivable from Aspire Awards for invoice 00034883
5/14/2025,34906,1330 · Vendor Receivable: Galderma,20,,170a470a-ad3e-47b9-869c-76b8151de2c6,Vendor receivable from Aspire Awards for invoice 00034906
5/14/2025,34906,Accounts Receivable,,20,170a470a-ad3e-47b9-869c-76b8151de2c6,Vendor receivable from Aspire Awards for invoice 00034906
5/14/2025,34909,1310 · Vendor Receivable: Allergan,20,,21e6f6ca-c37b-4f46-874d-7646206eb86c,Vendor receivable from Alle Rewards for invoice 00034909
5/14/2025,34909,Accounts Receivable,,20,21e6f6ca-c37b-4f46-874d-7646206eb86c,Vendor receivable from Alle Rewards for invoice 00034909
5/14/2025,34909,1330 · Vendor Receivable: Galderma,20,,21e6f6ca-c37b-4f46-874d-7646206eb86c,Vendor receivable from Aspire Awards for invoice 00034909
5/14/2025,34909,Accounts Receivable,,20,21e6f6ca-c37b-4f46-874d-7646206eb86c,Vendor receivable from Aspire Awards for invoice 00034909
5/14/2025,34911,1310 · Vendor Receivable: Allergan,20,,2008b975-4d12-4f06-a420-1081cbee6b00,Vendor receivable from Alle Rewards for invoice 00034911
5/14/2025,34911,Accounts Receivable,,20,2008b975-4d12-4f06-a420-1081cbee6b00,Vendor receivable from Alle Rewards for invoice 00034911
5/14/2025,34913,1310 · Vendor Receivable: Allergan,20,,f38733cb-973e-4565-870a-f545a419f2ea,Vendor receivable from Alle Rewards for invoice 00034913
5/14/2025,34913,Accounts Receivable,,20,f38733cb-973e-4565-870a-f545a419f2ea,Vendor receivable from Alle Rewards for invoice 00034913
5/14/2025,34916,1310 · Vendor Receivable: Allergan,70,,5f8c864e-2534-474b-aedb-345c6f6249bf,Vendor receivable from Alle Rewards for invoice 00034916
5/14/2025,34916,Accounts Receivable,,70,5f8c864e-2534-474b-aedb-345c6f6249bf,Vendor receivable from Alle Rewards for invoice 00034916
5/16/2025,34922,1310 · Vendor Receivable: Allergan,40,,d7819a16-2776-46bf-b71a-205e538ccbd3,Vendor receivable from Alle Rewards for invoice 00034922
5/16/2025,34922,Accounts Receivable,,40,d7819a16-2776-46bf-b71a-205e538ccbd3,Vendor receivable from Alle Rewards for invoice 00034922
5/16/2025,34924,1310 · Vendor Receivable: Allergan,20,,5d2c3c8d-a2c4-4f00-89cc-c1ea7ac625d4,Vendor receivable from Alle Rewards for invoice 00034924
5/16/2025,34924,Accounts Receivable,,20,5d2c3c8d-a2c4-4f00-89cc-c1ea7ac625d4,Vendor receivable from Alle Rewards for invoice 00034924
5/16/2025,34924,1330 · Vendor Receivable: Galderma,20,,5d2c3c8d-a2c4-4f00-89cc-c1ea7ac625d4,Vendor receivable from Aspire Awards for invoice 00034924
5/16/2025,34924,Accounts Receivable,,20,5d2c3c8d-a2c4-4f00-89cc-c1ea7ac625d4,Vendor receivable from Aspire Awards for invoice 00034924
5/16/2025,34928,1310 · Vendor Receivable: Allergan,20,,adf165d7-c723-4e70-afcc-4bc4633de85b,Vendor receivable from Alle Rewards for invoice 00034928
5/16/2025,34928,Accounts Receivable,,20,adf165d7-c723-4e70-afcc-4bc4633de85b,Vendor receivable from Alle Rewards for invoice 00034928
5/16/2025,34929,1310 · Vendor Receivable: Allergan,40,,64930305-ad26-4af0-808e-8db324d7eed0,Vendor receivable from Alle Rewards for invoice 00034929
5/16/2025,34929,Accounts Receivable,,40,64930305-ad26-4af0-808e-8db324d7eed0,Vendor receivable from Alle Rewards for invoice 00034929
5/16/2025,34932,1310 · Vendor Receivable: Allergan,40,,5c5d3988-80d1-4dbf-a897-b8d796478856,Vendor receivable from Alle Rewards for invoice 00034932
5/16/2025,34932,Accounts Receivable,,40,5c5d3988-80d1-4dbf-a897-b8d796478856,Vendor receivable from Alle Rewards for invoice 00034932
5/20/2025,34950,1330 · Vendor Receivable: Galderma,20,,bc9b9a2a-1cd4-4d34-8466-385180c0b8d4,Vendor receivable from Aspire Awards for invoice 00034950
5/20/2025,34950,Accounts Receivable,,20,bc9b9a2a-1cd4-4d34-8466-385180c0b8d4,Vendor receivable from Aspire Awards for invoice 00034950
5/20/2025,34954,1310 · Vendor Receivable: Allergan,150,,04dd2620-2c9b-4da3-8d25-dedb6ae947a3,Vendor receivable from Alle Rewards for invoice 00034954
5/20/2025,34954,Accounts Receivable,,150,04dd2620-2c9b-4da3-8d25-dedb6ae947a3,Vendor receivable from Alle Rewards for invoice 00034954
5/20/2025,34955,1310 · Vendor Receivable: Allergan,50,,5423b822-a8dd-462f-87d5-b4827d14dd3d,Vendor receivable from Alle Rewards for invoice 00034955
5/20/2025,34955,Accounts Receivable,,50,5423b822-a8dd-462f-87d5-b4827d14dd3d,Vendor receivable from Alle Rewards for invoice 00034955
5/28/2025,34983,1330 · Vendor Receivable: Galderma,20,,2b5f16b7-b5a2-4b78-8acb-695eb94e0e29,Vendor receivable from Aspire Awards for invoice 00034983
5/28/2025,34983,Accounts Receivable,,20,2b5f16b7-b5a2-4b78-8acb-695eb94e0e29,Vendor receivable from Aspire Awards for invoice 00034983
5/28/2025,34985,1310 · Vendor Receivable: Allergan,65,,5aac4278-8e03-41b6-8150-4a826b7f69d5,Vendor receivable from Alle Rewards for invoice 00034985
5/28/2025,34985,Accounts Receivable,,65,5aac4278-8e03-41b6-8150-4a826b7f69d5,Vendor receivable from Alle Rewards for invoice 00034985
5/28/2025,34988,1310 · Vendor Receivable: Allergan,40,,88141eb1-2659-40d9-81ff-4820f4078c89,Vendor receivable from Alle Rewards for invoice 00034988
5/28/2025,34988,Accounts Receivable,,40,88141eb1-2659-40d9-81ff-4820f4078c89,Vendor receivable from Alle Rewards for invoice 00034988
5/30/2025,34999,1330 · Vendor Receivable: Galderma,20,,5d2c3c8d-a2c4-4f00-89cc-c1ea7ac625d4,Vendor receivable from Aspire Awards for invoice 00034999
5/30/2025,34999,Accounts Receivable,,20,5d2c3c8d-a2c4-4f00-89cc-c1ea7ac625d4,Vendor receivable from Aspire Awards for invoice 00034999
5/30/2025,35003,1310 · Vendor Receivable: Allergan,40,,8114a540-9e8f-4512-a89c-48784f09fd15,Vendor receivable from Alle Rewards for invoice 00035003
5/30/2025,35003,Accounts Receivable,,40,8114a540-9e8f-4512-a89c-48784f09fd15,Vendor receivable from Alle Rewards for invoice 00035003
5/30/2025,35003,1330 · Vendor Receivable: Galderma,20,,8114a540-9e8f-4512-a89c-48784f09fd15,Vendor receivable from Aspire Awards for invoice 00035003
5/30/2025,35003,Accounts Receivable,,20,8114a540-9e8f-4512-a89c-48784f09fd15,Vendor receivable from Aspire Awards for invoice 00035003
5/30/2025,35004,1310 · Vendor Receivable: Allergan,85,,c3e10938-bf12-4d72-9285-3f1f54e8aad2,Vendor receivable from Alle Rewards for invoice 00035004
5/30/2025,35004,Accounts Receivable,,85,c3e10938-bf12-4d72-9285-3f1f54e8aad2,Vendor receivable from Alle Rewards for invoice 00035004
6/4/2025,34958,1310 · Vendor Receivable: Allergan,70,,a145532a-5e68-4f14-95b9-ec9011b2741e,Vendor receivable from Alle Rewards for invoice 00034958
6/4/2025,34958,Accounts Receivable,,70,a145532a-5e68-4f14-95b9-ec9011b2741e,Vendor receivable from Alle Rewards for invoice 00034958
6/4/2025,36015,1330 · Vendor Receivable: Galderma,20,,81fd5a7f-88f7-4636-b3ab-ff6ea87fa0bb,Vendor receivable from Aspire Awards for invoice 00036015
6/4/2025,36015,Accounts Receivable,,20,81fd5a7f-88f7-4636-b3ab-ff6ea87fa0bb,Vendor receivable from Aspire Awards for invoice 00036015
6/4/2025,36018,1330 · Vendor Receivable: Galderma,40,,71b5dbdb-3006-4972-87da-68b9f9d29f86,Vendor receivable from Aspire Awards for invoice 00036018
6/4/2025,36018,Accounts Receivable,,40,71b5dbdb-3006-4972-87da-68b9f9d29f86,Vendor receivable from Aspire Awards for invoice 00036018
6/4/2025,36018,1310 · Vendor Receivable: Allergan,30,,71b5dbdb-3006-4972-87da-68b9f9d29f86,Vendor receivable from Alle Rewards for invoice 00036018
6/4/2025,36018,Accounts Receivable,,30,71b5dbdb-3006-4972-87da-68b9f9d29f86,Vendor receivable from Alle Rewards for invoice 00036018
6/4/2025,36029,1310 · Vendor Receivable: Allergan,20,,6aba4ea7-0b7b-47d0-a30a-703a66e47887,Vendor receivable from Alle Rewards for invoice 00036029
6/4/2025,36029,Accounts Receivable,,20,6aba4ea7-0b7b-47d0-a30a-703a66e47887,Vendor receivable from Alle Rewards for invoice 00036029
6/6/2025,36042,1310 · Vendor Receivable: Allergan,20,,84f8d10f-708e-45a4-86c1-759e2680c397,Vendor receivable from Alle Rewards for invoice 00036042
6/6/2025,36042,Accounts Receivable,,20,84f8d10f-708e-45a4-86c1-759e2680c397,Vendor receivable from Alle Rewards for invoice 00036042
6/6/2025,36047,1330 · Vendor Receivable: Galderma,40,,2844b897-1fd7-4d90-9253-2710b31c0378,Vendor receivable from Aspire Awards for invoice 00036047
6/6/2025,36047,Accounts Receivable,,40,2844b897-1fd7-4d90-9253-2710b31c0378,Vendor receivable from Aspire Awards for invoice 00036047
6/6/2025,36050,1310 · Vendor Receivable: Allergan,30,,328fe137-c6e7-4f49-8da7-83d975cf3c38,Vendor receivable from Alle Rewards for invoice 00036050
6/6/2025,36050,Accounts Receivable,,30,328fe137-c6e7-4f49-8da7-83d975cf3c38,Vendor receivable from Alle Rewards for invoice 00036050
6/11/2025,36065,1310 · Vendor Receivable: Allergan,20,,8ee0b25e-b8cc-4828-8c6d-cbe0ff2eba5e,Vendor receivable from Alle Rewards for invoice 00036065
6/11/2025,36065,Accounts Receivable,,20,8ee0b25e-b8cc-4828-8c6d-cbe0ff2eba5e,Vendor receivable from Alle Rewards for invoice 00036065
6/11/2025,36065,1330 · Vendor Receivable: Galderma,20,,8ee0b25e-b8cc-4828-8c6d-cbe0ff2eba5e,Vendor receivable from Aspire Awards for invoice 00036065
6/11/2025,36065,Accounts Receivable,,20,8ee0b25e-b8cc-4828-8c6d-cbe0ff2eba5e,Vendor receivable from Aspire Awards for invoice 00036065
6/11/2025,36069,1310 · Vendor Receivable: Allergan,20,,5f66c0bb-a585-45df-b553-216dcbb4c335,Vendor receivable from Alle Rewards for invoice 00036069
6/11/2025,36069,Accounts Receivable,,20,5f66c0bb-a585-45df-b553-216dcbb4c335,Vendor receivable from Alle Rewards for invoice 00036069
6/11/2025,36070,1310 · Vendor Receivable: Allergan,20,,99a93e73-aaa5-4f6e-b7a4-fd4fd070ac7f,Vendor receivable from Alle Rewards for invoice 00036070
6/11/2025,36070,Accounts Receivable,,20,99a93e73-aaa5-4f6e-b7a4-fd4fd070ac7f,Vendor receivable from Alle Rewards for invoice 00036070
6/11/2025,36070,1210 · Cherry Receivable,526,,99a93e73-aaa5-4f6e-b7a4-fd4fd070ac7f,Vendor receivable from Cherry for invoice 00036070
6/11/2025,36070,Accounts Receivable,,526,99a93e73-aaa5-4f6e-b7a4-fd4fd070ac7f,Vendor receivable from Cherry for invoice 00036070
6/11/2025,36073,1330 · Vendor Receivable: Galderma,20,,b8b35095-6079-41e5-85e6-469119bbf393,Vendor receivable from Aspire Awards for invoice 00036073
6/11/2025,36073,Accounts Receivable,,20,b8b35095-6079-41e5-85e6-469119bbf393,Vendor receivable from Aspire Awards for invoice 00036073
6/13/2025,36084,1310 · Vendor Receivable: Allergan,20,,3d3d0eb4-c5e2-4dc8-ae91-0e1fc03e28f8,Vendor receivable from Alle Rewards for invoice 00036084
6/13/2025,36084,Accounts Receivable,,20,3d3d0eb4-c5e2-4dc8-ae91-0e1fc03e28f8,Vendor receivable from Alle Rewards for invoice 00036084
6/13/2025,36091,1310 · Vendor Receivable: Allergan,20,,698c2365-350a-40c1-9707-e8d2f96aa349,Vendor receivable from Alle Rewards for invoice 00036091
6/13/2025,36091,Accounts Receivable,,20,698c2365-350a-40c1-9707-e8d2f96aa349,Vendor receivable from Alle Rewards for invoice 00036091
6/18/2025,36112,1310 · Vendor Receivable: Allergan,20,,f2fb25ee-0d7e-42bb-94da-01fc2ba9d399,Vendor receivable from Alle Rewards for invoice 00036112
6/18/2025,36112,Accounts Receivable,,20,f2fb25ee-0d7e-42bb-94da-01fc2ba9d399,Vendor receivable from Alle Rewards for invoice 00036112
6/20/2025,36125,1330 · Vendor Receivable: Galderma,20,,9701f4a9-f157-4945-8289-144d52196dac,Vendor receivable from Aspire Awards for invoice 00036125
6/20/2025,36125,Accounts Receivable,,20,9701f4a9-f157-4945-8289-144d52196dac,Vendor receivable from Aspire Awards for invoice 00036125
6/20/2025,36126,1310 · Vendor Receivable: Allergan,70,,98207005-a454-4431-96f6-04c1ea434ef7,Vendor receivable from Alle Rewards for invoice 00036126
6/20/2025,36126,Accounts Receivable,,70,98207005-a454-4431-96f6-04c1ea434ef7,Vendor receivable from Alle Rewards for invoice 00036126
6/20/2025,36129,1310 · Vendor Receivable: Allergan,150,,e6d299c4-9123-46ab-8fd7-aded5458b066,Vendor receivable from Alle Rewards for invoice 00036129
6/20/2025,36129,Accounts Receivable,,150,e6d299c4-9123-46ab-8fd7-aded5458b066,Vendor receivable from Alle Rewards for invoice 00036129
6/25/2025,36152,1310 · Vendor Receivable: Allergan,20,,c242f969-2db5-4ddc-9f86-5809501cea53,Vendor receivable from Alle Rewards for invoice 00036152
6/25/2025,36152,Accounts Receivable,,20,c242f969-2db5-4ddc-9f86-5809501cea53,Vendor receivable from Alle Rewards for invoice 00036152
6/25/2025,36156,1310 · Vendor Receivable: Allergan,20,,1d9253a4-f27b-4675-8837-05d56b7e6e7d,Vendor receivable from Alle Rewards for invoice 00036156
6/25/2025,36156,Accounts Receivable,,20,1d9253a4-f27b-4675-8837-05d56b7e6e7d,Vendor receivable from Alle Rewards for invoice 00036156
6/27/2025,36164,1330 · Vendor Receivable: Galderma,20,,5e1b5995-9468-421c-9cac-8e9dd50792eb,Vendor receivable from Aspire Awards for invoice 00036164
6/27/2025,36164,Accounts Receivable,,20,5e1b5995-9468-421c-9cac-8e9dd50792eb,Vendor receivable from Aspire Awards for invoice 00036164
6/27/2025,36171,1310 · Vendor Receivable: Allergan,20,,d7819a16-2776-46bf-b71a-205e538ccbd3,Vendor receivable from Alle Rewards for invoice 00036171
6/27/2025,36171,Accounts Receivable,,20,d7819a16-2776-46bf-b71a-205e538ccbd3,Vendor receivable from Alle Rewards for invoice 00036171
6/27/2025,36172,1310 · Vendor Receivable: Allergan,20,,c0d05d0b-749f-47bc-8df7-86274a1cda7a,Vendor receivable from Alle Rewards for invoice 00036172
6/27/2025,36172,Accounts Receivable,,20,c0d05d0b-749f-47bc-8df7-86274a1cda7a,Vendor receivable from Alle Rewards for invoice 00036172
6/27/2025,36178,1310 · Vendor Receivable: Allergan,20,,55833f13-6798-4e8b-9854-4ff64bd4ca89,Vendor receivable from Alle Rewards for invoice 00036178
6/27/2025,36178,Accounts Receivable,,20,55833f13-6798-4e8b-9854-4ff64bd4ca89,Vendor receivable from Alle Rewards for invoice 00036178
6/30/2025,36183,1310 · Vendor Receivable: Allergan,170,,5e69d0ba-f7ea-4e2c-8324-3f68d945054a,Vendor receivable from Alle Rewards for invoice 00036183
6/30/2025,36183,Accounts Receivable,,170,5e69d0ba-f7ea-4e2c-8324-3f68d945054a,Vendor receivable from Alle Rewards for invoice 00036183
7/2/2025,37202,1310 · Vendor Receivable: Allergan,20,,0d4dd0d3-1192-49f5-99be-12f6e416650c,Vendor receivable from Alle Rewards for invoice 00037202
7/2/2025,37202,Accounts Receivable,,20,0d4dd0d3-1192-49f5-99be-12f6e416650c,Vendor receivable from Alle Rewards for invoice 00037202
7/2/2025,37207,1310 · Vendor Receivable: Allergan,20,,698c2365-350a-40c1-9707-e8d2f96aa349,Vendor receivable from Alle Rewards for invoice 00037207
7/2/2025,37207,Accounts Receivable,,20,698c2365-350a-40c1-9707-e8d2f96aa349,Vendor receivable from Alle Rewards for invoice 00037207
7/2/2025,37210,1310 · Vendor Receivable: Allergan,180,,850eed8e-993b-4957-8f7b-60ec78ad6f07,Vendor receivable from Alle Rewards for invoice 00037210
7/2/2025,37210,Accounts Receivable,,180,850eed8e-993b-4957-8f7b-60ec78ad6f07,Vendor receivable from Alle Rewards for invoice 00037210
7/2/2025,37211,1310 · Vendor Receivable: Allergan,10,,07f9ee67-3dd4-4491-9206-fb9a0920bca2,Vendor receivable from Alle Rewards for invoice 00037211
7/2/2025,37211,Accounts Receivable,,10,07f9ee67-3dd4-4491-9206-fb9a0920bca2,Vendor receivable from Alle Rewards for invoice 00037211
7/2/2025,37211,1310 · Vendor Receivable: Allergan,10,,07f9ee67-3dd4-4491-9206-fb9a0920bca2,Vendor receivable from Alle Rewards for invoice 00037211
7/2/2025,37211,Accounts Receivable,,10,07f9ee67-3dd4-4491-9206-fb9a0920bca2,Vendor receivable from Alle Rewards for invoice 00037211
7/5/2025,37219,1310 · Vendor Receivable: Allergan,20,,f311da5b-16d9-4b9b-a45a-f0219b1badfa,Vendor receivable from Alle Rewards for invoice 00037219
7/5/2025,37219,Accounts Receivable,,20,f311da5b-16d9-4b9b-a45a-f0219b1badfa,Vendor receivable from Alle Rewards for invoice 00037219
7/9/2025,38237,1310 · Vendor Receivable: Allergan,20,,c2381412-c865-4bfe-8e7e-8a0fc1d0846a,Vendor receivable from Alle Rewards for invoice 00038237
7/9/2025,38237,Accounts Receivable,,20,c2381412-c865-4bfe-8e7e-8a0fc1d0846a,Vendor receivable from Alle Rewards for invoice 00038237
7/9/2025,38238,1310 · Vendor Receivable: Allergan,20,,f8ab3a44-1bb6-4643-81ab-4d1f7069075f,Vendor receivable from Alle Rewards for invoice 00038238
7/9/2025,38238,Accounts Receivable,,20,f8ab3a44-1bb6-4643-81ab-4d1f7069075f,Vendor receivable from Alle Rewards for invoice 00038238
7/9/2025,38239,1310 · Vendor Receivable: Allergan,20,,5ee303d5-6ca4-4c6c-806d-04744b7552dc,Vendor receivable from Alle Rewards for invoice 00038239
7/9/2025,38239,Accounts Receivable,,20,5ee303d5-6ca4-4c6c-806d-04744b7552dc,Vendor receivable from Alle Rewards for invoice 00038239
7/9/2025,38240,1310 · Vendor Receivable: Allergan,20,,863dd62c-e16c-4464-a90f-b2eb44c06ace,Vendor receivable from Alle Rewards for invoice 00038240
7/9/2025,38240,Accounts Receivable,,20,863dd62c-e16c-4464-a90f-b2eb44c06ace,Vendor receivable from Alle Rewards for invoice 00038240
7/9/2025,38246,1310 · Vendor Receivable: Allergan,20,,dfe3ba2e-ec3b-4d42-a904-93df6fe8fe20,Vendor receivable from Alle Rewards for invoice 00038246
7/9/2025,38246,Accounts Receivable,,20,dfe3ba2e-ec3b-4d42-a904-93df6fe8fe20,Vendor receivable from Alle Rewards for invoice 00038246
7/9/2025,38250,1310 · Vendor Receivable: Allergan,170,,ff964ee0-4b07-4770-b099-edd5fffb4c15,Vendor receivable from Alle Rewards for invoice 00038250
7/9/2025,38250,Accounts Receivable,,170,ff964ee0-4b07-4770-b099-edd5fffb4c15,Vendor receivable from Alle Rewards for invoice 00038250
7/11/2025,38265,1330 · Vendor Receivable: Galderma,20,,37ec8873-53cd-4cca-88e6-b4da2c14c94f,Vendor receivable from Aspire Awards for invoice 00038265
7/11/2025,38265,Accounts Receivable,,20,37ec8873-53cd-4cca-88e6-b4da2c14c94f,Vendor receivable from Aspire Awards for invoice 00038265
7/11/2025,38268,1310 · Vendor Receivable: Allergan,20,,f7091bb4-1deb-4cf3-bf40-5dee8b113b57,Vendor receivable from Alle Rewards for invoice 00038268
7/11/2025,38268,Accounts Receivable,,20,f7091bb4-1deb-4cf3-bf40-5dee8b113b57,Vendor receivable from Alle Rewards for invoice 00038268
7/11/2025,38273,1310 · Vendor Receivable: Allergan,20,,63dd5c33-66dc-468f-8375-c098d665b9f2,Vendor receivable from Alle Rewards for invoice 00038273
7/11/2025,38273,Accounts Receivable,,20,63dd5c33-66dc-468f-8375-c098d665b9f2,Vendor receivable from Alle Rewards for invoice 00038273
7/11/2025,38275,1310 · Vendor Receivable: Allergan,40,,a5b66bfc-8447-4582-b340-bff0f4e78af7,Vendor receivable from Alle Rewards for invoice 00038275
7/11/2025,38275,Accounts Receivable,,40,a5b66bfc-8447-4582-b340-bff0f4e78af7,Vendor receivable from Alle Rewards for invoice 00038275
7/11/2025,38277,1310 · Vendor Receivable: Allergan,20,,4badf727-a203-41ef-99f0-72e713a1450a,Vendor receivable from Alle Rewards for invoice 00038277
7/11/2025,38277,Accounts Receivable,,20,4badf727-a203-41ef-99f0-72e713a1450a,Vendor receivable from Alle Rewards for invoice 00038277
7/11/2025,38279,1310 · Vendor Receivable: Allergan,30,,8a7efebc-36ec-41ba-9b5b-cc05d233e027,Vendor receivable from Alle Rewards for invoice 00038279
7/11/2025,38279,Accounts Receivable,,30,8a7efebc-36ec-41ba-9b5b-cc05d233e027,Vendor receivable from Alle Rewards for invoice 00038279
7/11/2025,38281,1310 · Vendor Receivable: Allergan,40,,e86cb3c6-4164-4fa1-8273-aef2570517ad,Vendor receivable from Alle Rewards for invoice 00038281
7/11/2025,38281,Accounts Receivable,,40,e86cb3c6-4164-4fa1-8273-aef2570517ad,Vendor receivable from Alle Rewards for invoice 00038281
7/15/2025,38296,1310 · Vendor Receivable: Allergan,20,,698c2365-350a-40c1-9707-e8d2f96aa349,Vendor receivable from Alle Rewards for invoice 00038296
7/15/2025,38296,Accounts Receivable,,20,698c2365-350a-40c1-9707-e8d2f96aa349,Vendor receivable from Alle Rewards for invoice 00038296
7/16/2025,38304,1330 · Vendor Receivable: Galderma,20,,d7b96e6c-bad5-4412-af08-2de57fbce0a6,Vendor receivable from Aspire Awards for invoice 00038304
7/16/2025,38304,Accounts Receivable,,20,d7b96e6c-bad5-4412-af08-2de57fbce0a6,Vendor receivable from Aspire Awards for invoice 00038304
7/16/2025,38306,1310 · Vendor Receivable: Allergan,50,,52b06965-e57d-4ab0-ac59-c1659cc6e668,Vendor receivable from Alle Rewards for invoice 00038306
7/16/2025,38306,Accounts Receivable,,50,52b06965-e57d-4ab0-ac59-c1659cc6e668,Vendor receivable from Alle Rewards for invoice 00038306
7/16/2025,38308,1310 · Vendor Receivable: Allergan,20,,315c4cca-7be4-4d1b-b3bb-4a74846ea5a9,Vendor receivable from Alle Rewards for invoice 00038308
7/16/2025,38308,Accounts Receivable,,20,315c4cca-7be4-4d1b-b3bb-4a74846ea5a9,Vendor receivable from Alle Rewards for invoice 00038308
7/16/2025,38320,1310 · Vendor Receivable: Allergan,20,,39518f2e-1bcc-42bf-888b-0cccabab3554,Vendor receivable from Alle Rewards for invoice 00038320
7/16/2025,38320,Accounts Receivable,,20,39518f2e-1bcc-42bf-888b-0cccabab3554,Vendor receivable from Alle Rewards for invoice 00038320
7/16/2025,38322,1310 · Vendor Receivable: Allergan,20,,85300c52-1449-4b0f-805a-01f527071309,Vendor receivable from Alle Rewards for invoice 00038322
7/16/2025,38322,Accounts Receivable,,20,85300c52-1449-4b0f-805a-01f527071309,Vendor receivable from Alle Rewards for invoice 00038322
7/30/2025,38372,1310 · Vendor Receivable: Allergan,20,,f5a8c813-ffcf-4ceb-958c-1e6975912cc6,Vendor receivable from Alle Rewards for invoice 00038372
7/30/2025,38372,Accounts Receivable,,20,f5a8c813-ffcf-4ceb-958c-1e6975912cc6,Vendor receivable from Alle Rewards for invoice 00038372
7/30/2025,38381,1310 · Vendor Receivable: Allergan,20,,2ca51d9c-b160-40c0-8e5d-248191a0d04e,Vendor receivable from Alle Rewards for invoice 00038381
7/30/2025,38381,Accounts Receivable,,20,2ca51d9c-b160-40c0-8e5d-248191a0d04e,Vendor receivable from Alle Rewards for invoice 00038381
7/30/2025,38381,1330 · Vendor Receivable: Galderma,20,,2ca51d9c-b160-40c0-8e5d-248191a0d04e,Vendor receivable from Aspire Awards for invoice 00038381
7/30/2025,38381,Accounts Receivable,,20,2ca51d9c-b160-40c0-8e5d-248191a0d04e,Vendor receivable from Aspire Awards for invoice 00038381
7/30/2025,38383,1310 · Vendor Receivable: Allergan,30,,5ee303d5-6ca4-4c6c-806d-04744b7552dc,Vendor receivable from Alle Rewards for invoice 00038383
7/30/2025,38383,Accounts Receivable,,30,5ee303d5-6ca4-4c6c-806d-04744b7552dc,Vendor receivable from Alle Rewards for invoice 00038383
7/30/2025,38384,1310 · Vendor Receivable: Allergan,170,,bced6a0e-0879-4ffc-95ea-c347223fe3b5,Vendor receivable from Alle Rewards for invoice 00038384
7/30/2025,38384,Accounts Receivable,,170,bced6a0e-0879-4ffc-95ea-c347223fe3b5,Vendor receivable from Alle Rewards for invoice 00038384
7/30/2025,38386,1310 · Vendor Receivable: Allergan,170,,5d965ce6-acc6-4762-870a-c2a6aa819343,Vendor receivable from Alle Rewards for invoice 00038386
7/30/2025,38386,Accounts Receivable,,170,5d965ce6-acc6-4762-870a-c2a6aa819343,Vendor receivable from Alle Rewards for invoice 00038386
7/30/2025,38390,1310 · Vendor Receivable: Allergan,120,,0ecb2d62-9543-4b24-bf64-79e6e59ae3fa,Vendor receivable from Alle Rewards for invoice 00038390
7/30/2025,38390,Accounts Receivable,,120,0ecb2d62-9543-4b24-bf64-79e6e59ae3fa,Vendor receivable from Alle Rewards for invoice 00038390
7/30/2025,38392,1310 · Vendor Receivable: Allergan,100,,9bfbf88b-1ed6-4489-b55a-bb2dc802f573,Vendor receivable from Alle Rewards for invoice 00038392
7/30/2025,38392,Accounts Receivable,,100,9bfbf88b-1ed6-4489-b55a-bb2dc802f573,Vendor receivable from Alle Rewards for invoice 00038392
8/1/2025,38374,1310 · Vendor Receivable: Allergan,40,,6702505c-9a58-4e19-84e8-f8d95434f49b,Vendor receivable from Alle Rewards for invoice 00038374
8/1/2025,38374,Accounts Receivable,,40,6702505c-9a58-4e19-84e8-f8d95434f49b,Vendor receivable from Alle Rewards for invoice 00038374
8/1/2025,38400,1310 · Vendor Receivable: Allergan,30,,b6dd7bd2-f305-408d-9567-8052ec50c678,Vendor receivable from Alle Rewards for invoice 00038400
8/1/2025,38400,Accounts Receivable,,30,b6dd7bd2-f305-408d-9567-8052ec50c678,Vendor receivable from Alle Rewards for invoice 00038400
8/1/2025,38402,1310 · Vendor Receivable: Allergan,170,,77656f52-d700-4061-91b8-96b42a4645cf,Vendor receivable from Alle Rewards for invoice 00038402
8/1/2025,38402,Accounts Receivable,,170,77656f52-d700-4061-91b8-96b42a4645cf,Vendor receivable from Alle Rewards for invoice 00038402
8/1/2025,38411,1310 · Vendor Receivable: Allergan,20,,fc88691a-76b0-4d49-b452-d5b989f11b6e,Vendor receivable from Alle Rewards for invoice 00038411
8/1/2025,38411,Accounts Receivable,,20,fc88691a-76b0-4d49-b452-d5b989f11b6e,Vendor receivable from Alle Rewards for invoice 00038411
8/6/2025,38438,1310 · Vendor Receivable: Allergan,20,,bbca47d4-562c-4c64-a37d-31441cccec87,Vendor receivable from Alle Rewards for invoice 00038438
8/6/2025,38438,Accounts Receivable,,20,bbca47d4-562c-4c64-a37d-31441cccec87,Vendor receivable from Alle Rewards for invoice 00038438
8/6/2025,38439,1310 · Vendor Receivable: Allergan,10,,f2c31ed8-afe8-496c-87e6-956b042e0cc8,Vendor receivable from Alle Rewards for invoice 00038439
8/6/2025,38439,Accounts Receivable,,10,f2c31ed8-afe8-496c-87e6-956b042e0cc8,Vendor receivable from Alle Rewards for invoice 00038439
8/6/2025,38441,1330 · Vendor Receivable: Galderma,20,,f3419cdc-142d-4010-ae9a-4d1aa76d8e8d,Vendor receivable from Aspire Awards for invoice 00038441
8/6/2025,38441,Accounts Receivable,,20,f3419cdc-142d-4010-ae9a-4d1aa76d8e8d,Vendor receivable from Aspire Awards for invoice 00038441
8/6/2025,38443,1310 · Vendor Receivable: Allergan,130,,87fe7b87-5962-4433-a828-616574d70b2f,Vendor receivable from Alle Rewards for invoice 00038443
8/6/2025,38443,Accounts Receivable,,130,87fe7b87-5962-4433-a828-616574d70b2f,Vendor receivable from Alle Rewards for invoice 00038443
8/6/2025,38444,1310 · Vendor Receivable: Allergan,40,,f2fb25ee-0d7e-42bb-94da-01fc2ba9d399,Vendor receivable from Alle Rewards for invoice 00038444
8/6/2025,38444,Accounts Receivable,,40,f2fb25ee-0d7e-42bb-94da-01fc2ba9d399,Vendor receivable from Alle Rewards for invoice 00038444
8/8/2025,38452,1330 · Vendor Receivable: Galderma,20,,170a470a-ad3e-47b9-869c-76b8151de2c6,Vendor receivable from Aspire Awards for invoice 00038452
8/8/2025,38452,Accounts Receivable,,20,170a470a-ad3e-47b9-869c-76b8151de2c6,Vendor receivable from Aspire Awards for invoice 00038452
8/8/2025,38455,1310 · Vendor Receivable: Allergan,50,,b2fe14f7-7fa4-4db8-bd77-fcc97710a498,Vendor receivable from Alle Rewards for invoice 00038455
8/8/2025,38455,Accounts Receivable,,50,b2fe14f7-7fa4-4db8-bd77-fcc97710a498,Vendor receivable from Alle Rewards for invoice 00038455
8/8/2025,38455,1330 · Vendor Receivable: Galderma,50,,b2fe14f7-7fa4-4db8-bd77-fcc97710a498,Vendor receivable from Aspire Awards for invoice 00038455
8/8/2025,38455,Accounts Receivable,,50,b2fe14f7-7fa4-4db8-bd77-fcc97710a498,Vendor receivable from Aspire Awards for invoice 00038455
8/8/2025,38456,1310 · Vendor Receivable: Allergan,20,,6b28dd4c-4819-4743-a931-f86544562c91,Vendor receivable from Alle Rewards for invoice 00038456
8/8/2025,38456,Accounts Receivable,,20,6b28dd4c-4819-4743-a931-f86544562c91,Vendor receivable from Alle Rewards for invoice 00038456
8/8/2025,38456,1330 · Vendor Receivable: Galderma,20,,6b28dd4c-4819-4743-a931-f86544562c91,Vendor receivable from Aspire Awards for invoice 00038456
8/8/2025,38456,Accounts Receivable,,20,6b28dd4c-4819-4743-a931-f86544562c91,Vendor receivable from Aspire Awards for invoice 00038456
8/8/2025,38456,1210 · Cherry Receivable,680,,6b28dd4c-4819-4743-a931-f86544562c91,Vendor receivable from Cherry for invoice 00038456
8/8/2025,38456,Accounts Receivable,,680,6b28dd4c-4819-4743-a931-f86544562c91,Vendor receivable from Cherry for invoice 00038456
8/8/2025,38458,1310 · Vendor Receivable: Allergan,120,,a6175439-cd34-41fb-af40-13ae5af4b3b0,Vendor receivable from Alle Rewards for invoice 00038458
8/8/2025,38458,Accounts Receivable,,120,a6175439-cd34-41fb-af40-13ae5af4b3b0,Vendor receivable from Alle Rewards for invoice 00038458
8/8/2025,38459,1330 · Vendor Receivable: Galderma,20,,278d2a51-8c12-4f6e-a7b3-502d7bf2ddaa,Vendor receivable from Aspire Awards for invoice 00038459
8/8/2025,38459,Accounts Receivable,,20,278d2a51-8c12-4f6e-a7b3-502d7bf2ddaa,Vendor receivable from Aspire Awards for invoice 00038459
8/8/2025,38461,1310 · Vendor Receivable: Allergan,20,,b9a895fa-4d2a-475c-bfad-32a6f38e305a,Vendor receivable from Alle Rewards for invoice 00038461
8/8/2025,38461,Accounts Receivable,,20,b9a895fa-4d2a-475c-bfad-32a6f38e305a,Vendor receivable from Alle Rewards for invoice 00038461
8/12/2025,38451,1310 · Vendor Receivable: Allergan,20,,59a04f50-5cb2-4ed5-ad16-2528bc275de8,Vendor receivable from Alle Rewards for invoice 00038451
8/12/2025,38451,Accounts Receivable,,20,59a04f50-5cb2-4ed5-ad16-2528bc275de8,Vendor receivable from Alle Rewards for invoice 00038451
8/15/2025,38350,1310 · Vendor Receivable: Allergan,20,,70b11ce3-3b12-4864-a027-372e95f76ed5,Vendor receivable from Alle Rewards for invoice 00038350
8/15/2025,38350,Accounts Receivable,,20,70b11ce3-3b12-4864-a027-372e95f76ed5,Vendor receivable from Alle Rewards for invoice 00038350
8/15/2025,38350,1330 · Vendor Receivable: Galderma,20,,70b11ce3-3b12-4864-a027-372e95f76ed5,Vendor receivable from Aspire Awards for invoice 00038350
8/15/2025,38350,Accounts Receivable,,20,70b11ce3-3b12-4864-a027-372e95f76ed5,Vendor receivable from Aspire Awards for invoice 00038350
8/15/2025,38484,1310 · Vendor Receivable: Allergan,50,,6523d9c0-c7dc-4133-aea9-d229da32ebc6,Vendor receivable from Alle Rewards for invoice 00038484
8/15/2025,38484,Accounts Receivable,,50,6523d9c0-c7dc-4133-aea9-d229da32ebc6,Vendor receivable from Alle Rewards for invoice 00038484
8/15/2025,38491,1310 · Vendor Receivable: Allergan,140,,e6d299c4-9123-46ab-8fd7-aded5458b066,Vendor receivable from Alle Rewards for invoice 00038491
8/15/2025,38491,Accounts Receivable,,140,e6d299c4-9123-46ab-8fd7-aded5458b066,Vendor receivable from Alle Rewards for invoice 00038491
8/15/2025,38493,1310 · Vendor Receivable: Allergan,20,,a2a4741f-bced-45dc-8ea5-126b55e919a4,Vendor receivable from Alle Rewards for invoice 00038493
8/15/2025,38493,Accounts Receivable,,20,a2a4741f-bced-45dc-8ea5-126b55e919a4,Vendor receivable from Alle Rewards for invoice 00038493
8/20/2025,38522,1310 · Vendor Receivable: Allergan,20,,99212a86-b8d0-4450-a839-40f4ff1aa87c,Vendor receivable from Alle Rewards for invoice 00038522
8/20/2025,38522,Accounts Receivable,,20,99212a86-b8d0-4450-a839-40f4ff1aa87c,Vendor receivable from Alle Rewards for invoice 00038522
8/20/2025,38530,1310 · Vendor Receivable: Allergan,20,,be9077b5-5b5c-42b4-9f40-b27b001718ad,Vendor receivable from Alle Rewards for invoice 00038530
8/20/2025,38530,Accounts Receivable,,20,be9077b5-5b5c-42b4-9f40-b27b001718ad,Vendor receivable from Alle Rewards for invoice 00038530
8/22/2025,38548,1310 · Vendor Receivable: Allergan,20,,adf165d7-c723-4e70-afcc-4bc4633de85b,Vendor receivable from Alle Rewards for invoice 00038548
8/22/2025,38548,Accounts Receivable,,20,adf165d7-c723-4e70-afcc-4bc4633de85b,Vendor receivable from Alle Rewards for invoice 00038548
8/22/2025,38551,1330 · Vendor Receivable: Galderma,20,,520470fc-0bad-4350-9fd7-846477f95609,Vendor receivable from Aspire Awards for invoice 00038551
8/22/2025,38551,Accounts Receivable,,20,520470fc-0bad-4350-9fd7-846477f95609,Vendor receivable from Aspire Awards for invoice 00038551
8/22/2025,38554,1310 · Vendor Receivable: Allergan,20,,5423b822-a8dd-462f-87d5-b4827d14dd3d,Vendor receivable from Alle Rewards for invoice 00038554
8/22/2025,38554,Accounts Receivable,,20,5423b822-a8dd-462f-87d5-b4827d14dd3d,Vendor receivable from Alle Rewards for invoice 00038554
8/22/2025,38557,1310 · Vendor Receivable: Allergan,20,,84886c9f-1236-4626-b998-68e426ca869d,Vendor receivable from Alle Rewards for invoice 00038557
8/22/2025,38557,Accounts Receivable,,20,84886c9f-1236-4626-b998-68e426ca869d,Vendor receivable from Alle Rewards for invoice 00038557
8/22/2025,38558,1330 · Vendor Receivable: Galderma,20,,a47dfe0f-d8aa-4025-b70c-59d64377c2a6,Vendor receivable from Aspire Awards for invoice 00038558
8/22/2025,38558,Accounts Receivable,,20,a47dfe0f-d8aa-4025-b70c-59d64377c2a6,Vendor receivable from Aspire Awards for invoice 00038558
8/27/2025,38582,1310 · Vendor Receivable: Allergan,30,,2008b975-4d12-4f06-a420-1081cbee6b00,Vendor receivable from Alle Rewards for invoice 00038582
8/27/2025,38582,Accounts Receivable,,30,2008b975-4d12-4f06-a420-1081cbee6b00,Vendor receivable from Alle Rewards for invoice 00038582
8/27/2025,38583,1310 · Vendor Receivable: Allergan,20,,059d872c-0d2f-4e36-9f46-102a6521f0cd,Vendor receivable from Alle Rewards for invoice 00038583
8/27/2025,38583,Accounts Receivable,,20,059d872c-0d2f-4e36-9f46-102a6521f0cd,Vendor receivable from Alle Rewards for invoice 00038583
8/27/2025,38585,1330 · Vendor Receivable: Galderma,20,,4a48c0eb-df34-4d99-b1c6-ec89d05286b3,Vendor receivable from Aspire Awards for invoice 00038585
8/27/2025,38585,Accounts Receivable,,20,4a48c0eb-df34-4d99-b1c6-ec89d05286b3,Vendor receivable from Aspire Awards for invoice 00038585
8/29/2025,38600,1310 · Vendor Receivable: Allergan,320,,0a9f4946-5a5f-42b5-9fd8-63c634f7f7a1,Vendor receivable from Alle Rewards for invoice 00038600
8/29/2025,38600,Accounts Receivable,,320,0a9f4946-5a5f-42b5-9fd8-63c634f7f7a1,Vendor receivable from Alle Rewards for invoice 00038600
8/29/2025,38601,1330 · Vendor Receivable: Galderma,20,,b0e0d6c3-b781-4d5a-887d-5b2e0c61a8e8,Vendor receivable from Aspire Awards for invoice 00038601
8/29/2025,38601,Accounts Receivable,,20,b0e0d6c3-b781-4d5a-887d-5b2e0c61a8e8,Vendor receivable from Aspire Awards for invoice 00038601
8/29/2025,38604,1310 · Vendor Receivable: Allergan,300,,ffab6424-428c-453c-bc81-e3d6df6c45e6,Vendor receivable from Alle Rewards for invoice 00038604
8/29/2025,38604,Accounts Receivable,,300,ffab6424-428c-453c-bc81-e3d6df6c45e6,Vendor receivable from Alle Rewards for invoice 00038604
9/5/2025,38639,1310 · Vendor Receivable: Allergan,20,,532bd0ba-e9dd-4a19-8eea-92507f687945,Vendor receivable from Alle Rewards for invoice 00038639
9/5/2025,38639,Accounts Receivable,,20,532bd0ba-e9dd-4a19-8eea-92507f687945,Vendor receivable from Alle Rewards for invoice 00038639
9/5/2025,38640,1330 · Vendor Receivable: Galderma,20,,78de30c4-dd3f-4abe-a6d3-412da722d8f5,Vendor receivable from Aspire Awards for invoice 00038640
9/5/2025,38640,Accounts Receivable,,20,78de30c4-dd3f-4abe-a6d3-412da722d8f5,Vendor receivable from Aspire Awards for invoice 00038640
9/5/2025,38643,1310 · Vendor Receivable: Allergan,20,,d7819a16-2776-46bf-b71a-205e538ccbd3,Vendor receivable from Alle Rewards for invoice 00038643
9/5/2025,38643,Accounts Receivable,,20,d7819a16-2776-46bf-b71a-205e538ccbd3,Vendor receivable from Alle Rewards for invoice 00038643
9/10/2025,39661,1310 · Vendor Receivable: Allergan,20,,5f66c0bb-a585-45df-b553-216dcbb4c335,Vendor receivable from Alle Rewards for invoice 00039661
9/10/2025,39661,Accounts Receivable,,20,5f66c0bb-a585-45df-b553-216dcbb4c335,Vendor receivable from Alle Rewards for invoice 00039661
9/10/2025,39672,1330 · Vendor Receivable: Galderma,20,,b68664c7-bde8-4904-92b1-a31abea5f737,Vendor receivable from Aspire Awards for invoice 00039672
9/10/2025,39672,Accounts Receivable,,20,b68664c7-bde8-4904-92b1-a31abea5f737,Vendor receivable from Aspire Awards for invoice 00039672
9/10/2025,39674,1310 · Vendor Receivable: Allergan,170,,fb03edd7-1328-4ce5-bed1-06fba1d97acd,Vendor receivable from Alle Rewards for invoice 00039674
9/10/2025,39674,Accounts Receivable,,170,fb03edd7-1328-4ce5-bed1-06fba1d97acd,Vendor receivable from Alle Rewards for invoice 00039674
9/12/2025,39690,1330 · Vendor Receivable: Galderma,20,,b8b35095-6079-41e5-85e6-469119bbf393,Vendor receivable from Aspire Awards for invoice 00039690
9/12/2025,39690,Accounts Receivable,,20,b8b35095-6079-41e5-85e6-469119bbf393,Vendor receivable from Aspire Awards for invoice 00039690
9/12/2025,39691,1310 · Vendor Receivable: Allergan,70,,b8b35095-6079-41e5-85e6-469119bbf393,Vendor receivable from Alle Rewards for invoice 00039691
9/12/2025,39691,Accounts Receivable,,70,b8b35095-6079-41e5-85e6-469119bbf393,Vendor receivable from Alle Rewards for invoice 00039691
9/17/2025,39708,1330 · Vendor Receivable: Galderma,20,,a145532a-5e68-4f14-95b9-ec9011b2741e,Vendor receivable from Aspire Awards for invoice 00039708
9/17/2025,39708,Accounts Receivable,,20,a145532a-5e68-4f14-95b9-ec9011b2741e,Vendor receivable from Aspire Awards for invoice 00039708
9/17/2025,39709,1310 · Vendor Receivable: Allergan,20,,1b665c88-94e1-48e9-a5e2-9b485e8c96d8,Vendor receivable from Alle Rewards for invoice 00039709
9/17/2025,39709,Accounts Receivable,,20,1b665c88-94e1-48e9-a5e2-9b485e8c96d8,Vendor receivable from Alle Rewards for invoice 00039709
9/17/2025,39710,1310 · Vendor Receivable: Allergan,95,,a2a4741f-bced-45dc-8ea5-126b55e919a4,Vendor receivable from Alle Rewards for invoice 00039710
9/17/2025,39710,Accounts Receivable,,95,a2a4741f-bced-45dc-8ea5-126b55e919a4,Vendor receivable from Alle Rewards for invoice 00039710
9/19/2025,39736,1330 · Vendor Receivable: Galderma,20,,21e6f6ca-c37b-4f46-874d-7646206eb86c,Vendor receivable from Aspire Awards for invoice 00039736
9/19/2025,39736,Accounts Receivable,,20,21e6f6ca-c37b-4f46-874d-7646206eb86c,Vendor receivable from Aspire Awards for invoice 00039736
9/19/2025,39736,1330 · Vendor Receivable: Galderma,20,,21e6f6ca-c37b-4f46-874d-7646206eb86c,Vendor receivable from Aspire Awards for invoice 00039736
9/19/2025,39736,Accounts Receivable,,20,21e6f6ca-c37b-4f46-874d-7646206eb86c,Vendor receivable from Aspire Awards for invoice 00039736
9/19/2025,39737,1310 · Vendor Receivable: Allergan,30,,c0d05d0b-749f-47bc-8df7-86274a1cda7a,Vendor receivable from Alle Rewards for invoice 00039737
9/19/2025,39737,Accounts Receivable,,30,c0d05d0b-749f-47bc-8df7-86274a1cda7a,Vendor receivable from Alle Rewards for invoice 00039737
9/20/2025,39742,1310 · Vendor Receivable: Allergan,20,,8ede6956-c0cd-4ae4-bf19-37a94e4598aa,Vendor receivable from Alle Rewards for invoice 00039742
9/20/2025,39742,Accounts Receivable,,20,8ede6956-c0cd-4ae4-bf19-37a94e4598aa,Vendor receivable from Alle Rewards for invoice 00039742
9/24/2025,39756,1310 · Vendor Receivable: Allergan,20,,84886c9f-1236-4626-b998-68e426ca869d,Vendor receivable from Alle Rewards for invoice 00039756
9/24/2025,39756,Accounts Receivable,,20,84886c9f-1236-4626-b998-68e426ca869d,Vendor receivable from Alle Rewards for invoice 00039756
9/24/2025,39758,1310 · Vendor Receivable: Allergan,20,,5c5d3988-80d1-4dbf-a897-b8d796478856,Vendor receivable from Alle Rewards for invoice 00039758
9/24/2025,39758,Accounts Receivable,,20,5c5d3988-80d1-4dbf-a897-b8d796478856,Vendor receivable from Alle Rewards for invoice 00039758
9/24/2025,39761,1310 · Vendor Receivable: Allergan,30,,5d2c3c8d-a2c4-4f00-89cc-c1ea7ac625d4,Vendor receivable from Alle Rewards for invoice 00039761
9/24/2025,39761,Accounts Receivable,,30,5d2c3c8d-a2c4-4f00-89cc-c1ea7ac625d4,Vendor receivable from Alle Rewards for invoice 00039761
9/24/2025,39761,1330 · Vendor Receivable: Galderma,40,,5d2c3c8d-a2c4-4f00-89cc-c1ea7ac625d4,Vendor receivable from Aspire Awards for invoice 00039761
9/24/2025,39761,Accounts Receivable,,40,5d2c3c8d-a2c4-4f00-89cc-c1ea7ac625d4,Vendor receivable from Aspire Awards for invoice 00039761
9/24/2025,39764,1310 · Vendor Receivable: Allergan,20,,f38733cb-973e-4565-870a-f545a419f2ea,Vendor receivable from Alle Rewards for invoice 00039764
9/24/2025,39764,Accounts Receivable,,20,f38733cb-973e-4565-870a-f545a419f2ea,Vendor receivable from Alle Rewards for invoice 00039764
9/24/2025,39766,1330 · Vendor Receivable: Galderma,20,,88141eb1-2659-40d9-81ff-4820f4078c89,Vendor receivable from Aspire Awards for invoice 00039766
9/24/2025,39766,Accounts Receivable,,20,88141eb1-2659-40d9-81ff-4820f4078c89,Vendor receivable from Aspire Awards for invoice 00039766
9/26/2025,39779,1310 · Vendor Receivable: Allergan,20,,fc14c13f-6e3a-4347-88f8-c797a55fe287,Vendor receivable from Alle Rewards for invoice 00039779
9/26/2025,39779,Accounts Receivable,,20,fc14c13f-6e3a-4347-88f8-c797a55fe287,Vendor receivable from Alle Rewards for invoice 00039779
9/26/2025,39784,1310 · Vendor Receivable: Allergan,20,,71b5dbdb-3006-4972-87da-68b9f9d29f86,Vendor receivable from Alle Rewards for invoice 00039784
9/26/2025,39784,Accounts Receivable,,20,71b5dbdb-3006-4972-87da-68b9f9d29f86,Vendor receivable from Alle Rewards for invoice 00039784
9/26/2025,39785,1330 · Vendor Receivable: Galderma,20,,8114a540-9e8f-4512-a89c-48784f09fd15,Vendor receivable from Aspire Awards for invoice 00039785
9/26/2025,39785,Accounts Receivable,,20,8114a540-9e8f-4512-a89c-48784f09fd15,Vendor receivable from Aspire Awards for invoice 00039785
9/26/2025,39785,1310 · Vendor Receivable: Allergan,20,,8114a540-9e8f-4512-a89c-48784f09fd15,Vendor receivable from Alle Rewards for invoice 00039785
9/26/2025,39785,Accounts Receivable,,20,8114a540-9e8f-4512-a89c-48784f09fd15,Vendor receivable from Alle Rewards for invoice 00039785
9/29/2025,39795,1330 · Vendor Receivable: Galderma,50,,5572780a-4a7f-450d-a0ea-b428ed2f5a14,Vendor receivable from Aspire Awards for invoice 00039795
9/29/2025,39795,Accounts Receivable,,50,5572780a-4a7f-450d-a0ea-b428ed2f5a14,Vendor receivable from Aspire Awards for invoice 00039795
10/1/2025,39808,1310 · Vendor Receivable: Allergan,20,,6aba4ea7-0b7b-47d0-a30a-703a66e47887,Vendor receivable from Alle Rewards for invoice 00039808
10/1/2025,39808,Accounts Receivable,,20,6aba4ea7-0b7b-47d0-a30a-703a66e47887,Vendor receivable from Alle Rewards for invoice 00039808
10/1/2025,39811,1330 · Vendor Receivable: Galderma,20,,2844b897-1fd7-4d90-9253-2710b31c0378,Vendor receivable from Aspire Awards for invoice 00039811
10/1/2025,39811,Accounts Receivable,,20,2844b897-1fd7-4d90-9253-2710b31c0378,Vendor receivable from Aspire Awards for invoice 00039811
10/1/2025,39814,1330 · Vendor Receivable: Galderma,20,,96ad8012-2940-470a-b989-00480b603b40,Vendor receivable from Aspire Awards for invoice 00039814
10/1/2025,39814,Accounts Receivable,,20,96ad8012-2940-470a-b989-00480b603b40,Vendor receivable from Aspire Awards for invoice 00039814
10/1/2025,39818,1330 · Vendor Receivable: Galderma,30,,9b9d4704-d711-433a-b157-c12132061b34,Vendor receivable from Aspire Awards for invoice 00039818
10/1/2025,39818,Accounts Receivable,,30,9b9d4704-d711-433a-b157-c12132061b34,Vendor receivable from Aspire Awards for invoice 00039818
10/1/2025,39818,1310 · Vendor Receivable: Allergan,20,,9b9d4704-d711-433a-b157-c12132061b34,Vendor receivable from Alle Rewards for invoice 00039818
10/1/2025,39818,Accounts Receivable,,20,9b9d4704-d711-433a-b157-c12132061b34,Vendor receivable from Alle Rewards for invoice 00039818
10/1/2025,39819,1310 · Vendor Receivable: Allergan,160,,3c19574b-59f1-486e-a9f9-aedfdfcad096,Vendor receivable from Alle Rewards for invoice 00039819
10/1/2025,39819,Accounts Receivable,,160,3c19574b-59f1-486e-a9f9-aedfdfcad096,Vendor receivable from Alle Rewards for invoice 00039819
10/7/2025,39859,1310 · Vendor Receivable: Allergan,70,,1b665c88-94e1-48e9-a5e2-9b485e8c96d8,Vendor receivable from Alle Rewards for invoice 00039859
10/7/2025,39859,Accounts Receivable,,70,1b665c88-94e1-48e9-a5e2-9b485e8c96d8,Vendor receivable from Alle Rewards for invoice 00039859
10/8/2025,39872,1310 · Vendor Receivable: Allergan,20,,07f9ee67-3dd4-4491-9206-fb9a0920bca2,Vendor receivable from Alle Rewards for invoice 00039872
10/8/2025,39872,Accounts Receivable,,20,07f9ee67-3dd4-4491-9206-fb9a0920bca2,Vendor receivable from Alle Rewards for invoice 00039872
10/8/2025,39877,1310 · Vendor Receivable: Allergan,40,,f636581c-8b20-4756-bf21-269674811598,Vendor receivable from Alle Rewards for invoice 00039877
10/8/2025,39877,Accounts Receivable,,40,f636581c-8b20-4756-bf21-269674811598,Vendor receivable from Alle Rewards for invoice 00039877
10/8/2025,39883,1330 · Vendor Receivable: Galderma,50,,4badf727-a203-41ef-99f0-72e713a1450a,Vendor receivable from Aspire Awards for invoice 00039883
10/8/2025,39883,Accounts Receivable,,50,4badf727-a203-41ef-99f0-72e713a1450a,Vendor receivable from Aspire Awards for invoice 00039883
10/8/2025,39884,1310 · Vendor Receivable: Allergan,20,,dfe3ba2e-ec3b-4d42-a904-93df6fe8fe20,Vendor receivable from Alle Rewards for invoice 00039884
10/8/2025,39884,Accounts Receivable,,20,dfe3ba2e-ec3b-4d42-a904-93df6fe8fe20,Vendor receivable from Alle Rewards for invoice 00039884
10/8/2025,39885,1310 · Vendor Receivable: Allergan,40,,425bc7d4-bc3c-4ed7-b692-c724050545fa,Vendor receivable from Alle Rewards for invoice 00039885
10/8/2025,39885,Accounts Receivable,,40,425bc7d4-bc3c-4ed7-b692-c724050545fa,Vendor receivable from Alle Rewards for invoice 00039885
10/8/2025,39886,1330 · Vendor Receivable: Galderma,20,,8e1b40c8-024c-4e13-a399-f561ba5aeba0,Vendor receivable from Aspire Awards for invoice 00039886
10/8/2025,39886,Accounts Receivable,,20,8e1b40c8-024c-4e13-a399-f561ba5aeba0,Vendor receivable from Aspire Awards for invoice 00039886
10/8/2025,39887,1310 · Vendor Receivable: Allergan,20,,b9a895fa-4d2a-475c-bfad-32a6f38e305a,Vendor receivable from Alle Rewards for invoice 00039887
10/8/2025,39887,Accounts Receivable,,20,b9a895fa-4d2a-475c-bfad-32a6f38e305a,Vendor receivable from Alle Rewards for invoice 00039887
10/8/2025,39888,1310 · Vendor Receivable: Allergan,20,,63dd5c33-66dc-468f-8375-c098d665b9f2,Vendor receivable from Alle Rewards for invoice 00039888
10/8/2025,39888,Accounts Receivable,,20,63dd5c33-66dc-468f-8375-c098d665b9f2,Vendor receivable from Alle Rewards for invoice 00039888
10/8/2025,39889,1310 · Vendor Receivable: Allergan,20,,c295a26e-99f8-478c-888b-0022d8736377,Vendor receivable from Alle Rewards for invoice 00039889
10/8/2025,39889,Accounts Receivable,,20,c295a26e-99f8-478c-888b-0022d8736377,Vendor receivable from Alle Rewards for invoice 00039889
