Customer,TxnDate,RefNumber,Amount,PaymentMethod,DepositToAccount,Memo,ApplyToRefNumber
CID-850eed8e-993b-4957-8f7b-60ec78ad6f07,2025-01-03,PMT-00030993,142.16,Visa,1030 · Merchant Clearing,EMR Payment | visa,00030993
CID-d7b96e6c-bad5-4412-af08-2de57fbce0a6,2025-01-03,PMT-00030995,441.66,Visa,1030 · Merchant Clearing,EMR Payment | visa,00030995
CID-fe21f5a8-9e2c-45e6-bf65-9cbfd63b9d7c,2025-01-03,PMT-00030997,500.0,Visa,1030 · Merchant Clearing,EMR Payment | visa,00030997
CID-5423b822-a8dd-462f-87d5-b4827d14dd3d,2025-01-03,PMT-00031005,500.0,Visa,1030 · Merchant Clearing,EMR Payment | visa,00031005
CID-5d965ce6-acc6-4762-870a-c2a6aa819343,2025-01-03,PMT-00031013,711.46,Visa,1030 · Merchant Clearing,EMR Payment | visa,00031013
CID-b6dd7bd2-f305-408d-9567-8052ec50c678,2025-01-03,PMT-00031014,580.0,Visa,1030 · Merchant Clearing,EMR Payment | visa,00031014
CID-fdd2bac3-ac49-459a-a31f-66a0d7454757,2025-01-06,PMT-00029983,250.0,Visa,1030 · Merchant Clearing,EMR Payment | visa,00029983
CID-5b77bacc-9f83-4327-871b-a72dd1460703,2025-01-06,PMT-00031030,500.0,Mastercard,1030 · Merchant Clearing,EMR Payment | mastercard,00031030
CID-0fe9c8be-eb31-403a-809e-544c23d66a1d,2025-01-08,PMT-00031033,1353.71,Mastercard,1030 · Merchant Clearing,EMR Payment | mastercard,00031033
CID-c5cf6051-3de0-4f9e-ae1b-4f7701890793,2025-01-08,PMT-00031036,350.0,Visa,1030 · Merchant Clearing,EMR Payment | visa,00031036
CID-96ca49e3-5c64-4515-8605-957d89bee0fc,2025-01-11,PMT-00031044,500.0,Visa,1030 · Merchant Clearing,EMR Payment | visa,00031044
CID-955941e1-b252-4059-9280-a8c3c977f62f,2025-01-11,PMT-00031048,161.84,Discover,1030 · Merchant Clearing,EMR Payment | discover,00031048
CID-1f113736-236f-4de1-abc2-dc9e4d99f40d,2025-01-11,PMT-00031052,69.98,Mastercard,1030 · Merchant Clearing,EMR Payment | mastercard,00031052
CID-f2c09f03-5013-4d59-bf42-9c76bbff7762,2025-01-15,PMT-00031027,500.0,Cash,1030 · Merchant Clearing,EMR Payment | cash,00031027
CID-e7a2606c-9a03-4e2d-b54e-8d2aa13e8bb2,2025-01-15,PMT-00031065,308.0,Visa,1030 · Merchant Clearing,EMR Payment | visa,00031065
CID-52b06965-e57d-4ab0-ac59-c1659cc6e668,2025-01-15,PMT-00031066,400.0,Visa,1030 · Merchant Clearing,EMR Payment | visa,00031066
CID-b8b35095-6079-41e5-85e6-469119bbf393,2025-01-15,PMT-00031068,508.57,Visa,1030 · Merchant Clearing,EMR Payment | visa,00031068
CID-b6d6f5ed-b7a3-4f2e-89ad-be70d679f10c,2025-01-15,PMT-00031069,390.0,Visa,1030 · Merchant Clearing,EMR Payment | visa,00031069
CID-2b5f16b7-b5a2-4b78-8acb-695eb94e0e29,2025-01-15,PMT-00031070,496.01,Visa,1030 · Merchant Clearing,EMR Payment | visa,00031070
CID-f5a8c813-ffcf-4ceb-958c-1e6975912cc6,2025-01-15,PMT-00031072,702.0,Visa,1030 · Merchant Clearing,EMR Payment | visa,00031072
CID-b9d04286-fee1-499a-b31a-a13c1a3e616f,2025-01-17,PMT-00031059,250.0,Amex,1030 · Merchant Clearing,EMR Payment | amex,00031059
CID-8114a540-9e8f-4512-a89c-48784f09fd15,2025-01-17,PMT-00031079,1032.57,Visa,1030 · Merchant Clearing,EMR Payment | visa,00031079
CID-d07dd33a-ac27-45cd-8ed0-0edfb14d5729,2025-01-17,PMT-00031081,585.0,Visa,1030 · Merchant Clearing,EMR Payment | visa,00031081
CID-37ec8873-53cd-4cca-88e6-b4da2c14c94f,2025-01-17,PMT-00031083,683.42,Visa,1030 · Merchant Clearing,EMR Payment | visa,00031083
CID-e86cb3c6-4164-4fa1-8273-aef2570517ad,2025-01-17,PMT-00031085,160.0,Cash,1030 · Merchant Clearing,EMR Payment | cash,00031085
CID-5c5d3988-80d1-4dbf-a897-b8d796478856,2025-01-17,PMT-00031086,350.0,Visa,1030 · Merchant Clearing,EMR Payment | visa,00031086
CID-5d3c8d28-9272-4ab7-8d3b-82bbf6dab844,2025-01-20,PMT-00031090,30.0,Visa,1030 · Merchant Clearing,EMR Payment | visa,00031090
CID-52b06965-e57d-4ab0-ac59-c1659cc6e668,2025-01-22,PMT-00031063,442.0,Visa,1030 · Merchant Clearing,EMR Payment | visa,00031063
CID-6523d9c0-c7dc-4133-aea9-d229da32ebc6,2025-01-22,PMT-00031108,1000.0,Cash,1030 · Merchant Clearing,EMR Payment | cash,00031108
CID-6523d9c0-c7dc-4133-aea9-d229da32ebc6,2025-01-22,PMT-00031108,628.8,Amex,1030 · Merchant Clearing,EMR Payment | amex,00031108
CID-a9ce6551-33fe-4e6c-b49d-8199627ac895,2025-01-22,PMT-00031111,748.83,Mastercard,1030 · Merchant Clearing,EMR Payment | mastercard,00031111
CID-693d6eb3-28a6-46b6-82e2-968a0ac276a4,2025-01-22,PMT-00031112,637.0,Cash,1030 · Merchant Clearing,EMR Payment | cash,00031112
CID-6523d9c0-c7dc-4133-aea9-d229da32ebc6,2025-01-23,PMT-00029944,178.46,Discover,1030 · Merchant Clearing,EMR Payment | discover,00029944
CID-18a5f300-4d2a-433b-87af-a47bfcca4b5f,2025-01-23,PMT-00031120,250.0,Visa,1030 · Merchant Clearing,EMR Payment | visa,00031120
CID-29d13dc0-db43-4fbf-9888-86d43781a8b2,2025-01-24,PMT-00031019,575.0,Mastercard,1030 · Merchant Clearing,EMR Payment | mastercard,00031019
CID-3e8656e9-2bae-4b15-aba7-8aa6645d1310,2025-01-24,PMT-00031124,600.0,Visa,1030 · Merchant Clearing,EMR Payment | visa,00031124
CID-d7819a16-2776-46bf-b71a-205e538ccbd3,2025-01-24,PMT-00031130,1264.0,Visa,1030 · Merchant Clearing,EMR Payment | visa,00031130
CID-5423b822-a8dd-462f-87d5-b4827d14dd3d,2025-01-28,PMT-00031138,500.0,Visa,1030 · Merchant Clearing,EMR Payment | visa,00031138
CID-a145532a-5e68-4f14-95b9-ec9011b2741e,2025-01-29,PMT-00031150,323.32,Check,1030 · Merchant Clearing,EMR Payment | check,00031150
CID-7afd913b-be9d-4da7-b8b1-13f5ce593a32,2025-01-29,PMT-00031151,1358.0,Visa,1030 · Merchant Clearing,EMR Payment | visa,00031151
CID-863dd62c-e16c-4464-a90f-b2eb44c06ace,2025-01-29,PMT-00031153,565.0,Visa,1030 · Merchant Clearing,EMR Payment | visa,00031153
CID-850eed8e-993b-4957-8f7b-60ec78ad6f07,2025-01-29,PMT-00031155,100.0,Visa,1030 · Merchant Clearing,EMR Payment | visa,00031155
CID-77656f52-d700-4061-91b8-96b42a4645cf,2025-01-29,PMT-00031156,672.0,Visa,1030 · Merchant Clearing,EMR Payment | visa,00031156
CID-059d872c-0d2f-4e36-9f46-102a6521f0cd,2025-01-31,PMT-00031165,786.0,Visa,1030 · Merchant Clearing,EMR Payment | visa,00031165
CID-5181f145-1ef7-4f50-9f49-f2e284c9b815,2025-01-31,PMT-00031167,688.0,Visa,1030 · Merchant Clearing,EMR Payment | visa,00031167
CID-1b43abb7-f307-4bf4-ad11-55ca31c40d26,2025-01-31,PMT-00031170,500.0,Visa,1030 · Merchant Clearing,EMR Payment | visa,00031170
CID-96ad8012-2940-470a-b989-00480b603b40,2025-01-31,PMT-00031171,438.0,Visa,1030 · Merchant Clearing,EMR Payment | visa,00031171
CID-79f68567-8ef6-4f2f-809f-f40377cf159e,2025-01-31,PMT-00031173,64.52,Cash,1030 · Merchant Clearing,EMR Payment | cash,00031173
CID-c242f969-2db5-4ddc-9f86-5809501cea53,2025-01-31,PMT-00031174,156.02,Mastercard,1030 · Merchant Clearing,EMR Payment | mastercard,00031174
CID-278d2a51-8c12-4f6e-a7b3-502d7bf2ddaa,2025-01-31,PMT-00031175,733.42,Visa,1030 · Merchant Clearing,EMR Payment | visa,00031175
CID-86287d37-6f05-41d9-b2da-4811fe943f30,2025-01-31,PMT-00031178,633.63,Mastercard,1030 · Merchant Clearing,EMR Payment | mastercard,00031178
CID-e3417bac-2160-470a-8762-2b5470812dd0,2025-02-01,PMT-00031114,407.0,Visa,1030 · Merchant Clearing,EMR Payment | visa,00031114
CID-f34a5f2d-7baa-4b76-a193-5e4c95237b2e,2025-02-01,PMT-00031115,30.0,Visa,1030 · Merchant Clearing,EMR Payment | visa,00031115
CID-73fe130b-8579-49d2-af30-7271643bb443,2025-02-01,PMT-00031154,75.0,Visa,1030 · Merchant Clearing,EMR Payment | visa,00031154
CID-e431909a-48a5-492a-86fa-54cf09a488cb,2025-02-01,PMT-00031182,30.0,Cash,1030 · Merchant Clearing,EMR Payment | cash,00031182
CID-944df936-b013-4571-b78b-6841162c81ae,2025-02-03,PMT-00032187,818.6,Cash,1030 · Merchant Clearing,EMR Payment | cash,00032187
CID-cbecf023-a517-4965-8cb9-3963d88363ec,2025-02-05,PMT-00031067,400.0,Cash,1030 · Merchant Clearing,EMR Payment | cash,00031067
CID-cbecf023-a517-4965-8cb9-3963d88363ec,2025-02-05,PMT-00031067,178.0,Visa,1030 · Merchant Clearing,EMR Payment | visa,00031067
CID-5185e637-f0b4-48ee-91e4-2a42493f0327,2025-02-05,PMT-00031148,642.0,Visa,1030 · Merchant Clearing,EMR Payment | visa,00031148
CID-3d97c58e-454c-4f08-8d1b-26ca224ea4aa,2025-02-05,PMT-00032194,1050.0,Visa,1030 · Merchant Clearing,EMR Payment | visa,00032194
CID-f02ca27d-17e4-41ad-9ed0-735f6cb36adb,2025-02-05,PMT-00032197,37.18,Cash,1030 · Merchant Clearing,EMR Payment | cash,00032197
CID-2008b975-4d12-4f06-a420-1081cbee6b00,2025-02-05,PMT-00032198,688.53,Visa,1030 · Merchant Clearing,EMR Payment | visa,00032198
CID-2008b975-4d12-4f06-a420-1081cbee6b00,2025-02-05,PMT-00032200,1180.0,Visa,1030 · Merchant Clearing,EMR Payment | visa,00032200
CID-0129ac4f-c6cf-4ec5-acdd-99a2484f55b6,2025-02-05,PMT-00032201,510.66,Visa,1030 · Merchant Clearing,EMR Payment | visa,00032201
CID-3b0fc73f-217c-4daf-a742-cb098ddb5a47,2025-02-06,PMT-00032185,500.0,Mastercard,1030 · Merchant Clearing,EMR Payment | mastercard,00032185
CID-fe21f5a8-9e2c-45e6-bf65-9cbfd63b9d7c,2025-02-06,PMT-00032186,500.0,Visa,1030 · Merchant Clearing,EMR Payment | visa,00032186
CID-619860c1-7233-45a1-930b-94c82f8c9eb4,2025-02-07,PMT-00030991,523.17,Visa,1030 · Merchant Clearing,EMR Payment | visa,00030991
CID-3d3d0eb4-c5e2-4dc8-ae91-0e1fc03e28f8,2025-02-07,PMT-00032212,541.61,Mastercard,1030 · Merchant Clearing,EMR Payment | mastercard,00032212
CID-81fd5a7f-88f7-4636-b3ab-ff6ea87fa0bb,2025-02-07,PMT-00032214,947.5,Amex,1030 · Merchant Clearing,EMR Payment | amex,00032214
CID-2844b897-1fd7-4d90-9253-2710b31c0378,2025-02-07,PMT-00032219,812.68,Visa,1030 · Merchant Clearing,EMR Payment | visa,00032219
CID-16067430-9e34-4b66-adbe-2a99cad40580,2025-02-08,PMT-00031016,819.0,Visa,1030 · Merchant Clearing,EMR Payment | visa,00031016
CID-e615cdc9-fa0b-4791-8bb2-20e9e4bc336c,2025-02-08,PMT-00031017,676.0,Visa,1030 · Merchant Clearing,EMR Payment | visa,00031017
CID-76f71b4c-c057-430f-ab73-c10d96b39199,2025-02-08,PMT-00031018,635.0,Visa,1030 · Merchant Clearing,EMR Payment | visa,00031018
CID-8ede6956-c0cd-4ae4-bf19-37a94e4598aa,2025-02-08,PMT-00032229,672.0,Visa,1030 · Merchant Clearing,EMR Payment | visa,00032229
CID-efa456fb-1a6e-4574-89c0-785266c78a46,2025-02-11,PMT-00031181,264.0,Visa,1030 · Merchant Clearing,EMR Payment | visa,00031181
CID-45fb6c75-0da9-492a-ac23-ce4acb66ff68,2025-02-11,PMT-00032243,230.0,Amex,1030 · Merchant Clearing,EMR Payment | amex,00032243
CID-45fb6c75-0da9-492a-ac23-ce4acb66ff68,2025-02-11,PMT-00032243,229.24,Cash,1030 · Merchant Clearing,EMR Payment | cash,00032243
CID-0154db70-4380-4079-8fec-c0cfa09e094e,2025-02-11,PMT-00032244,469.6,Mastercard,1030 · Merchant Clearing,EMR Payment | mastercard,00032244
CID-0687dd33-69ed-4a44-87a5-f9b8e9337f3b,2025-02-11,PMT-00032247,550.0,Visa,1030 · Merchant Clearing,EMR Payment | visa,00032247
CID-bc37d277-e5c4-4f18-94a8-d1288614c303,2025-02-12,PMT-00031054,354.29,Visa,1030 · Merchant Clearing,EMR Payment | visa,00031054
CID-a145532a-5e68-4f14-95b9-ec9011b2741e,2025-02-12,PMT-00032254,400.0,Cash,1030 · Merchant Clearing,EMR Payment | cash,00032254
CID-f02ca27d-17e4-41ad-9ed0-735f6cb36adb,2025-02-12,PMT-00032255,500.0,Cash,1030 · Merchant Clearing,EMR Payment | cash,00032255
CID-bc37d277-e5c4-4f18-94a8-d1288614c303,2025-02-14,PMT-00032257,328.05,Visa,1030 · Merchant Clearing,EMR Payment | visa,00032257
CID-ca2d1b29-0d9e-4dba-8ba8-6992791c607f,2025-02-14,PMT-00032265,475.66,Amex,1030 · Merchant Clearing,EMR Payment | amex,00032265
CID-cc6ba952-9754-42e5-8d88-974dc2b95dbe,2025-02-14,PMT-00032268,300.0,Cash,1030 · Merchant Clearing,EMR Payment | cash,00032268
CID-cc6ba952-9754-42e5-8d88-974dc2b95dbe,2025-02-14,PMT-00032268,863.87,Visa,1030 · Merchant Clearing,EMR Payment | visa,00032268
CID-fe21f5a8-9e2c-45e6-bf65-9cbfd63b9d7c,2025-02-14,PMT-00032271,512.0,Visa,1030 · Merchant Clearing,EMR Payment | visa,00032271
CID-86287d37-6f05-41d9-b2da-4811fe943f30,2025-02-14,PMT-00032276,25.0,Visa,1030 · Merchant Clearing,EMR Payment | visa,00032276
CID-52b06965-e57d-4ab0-ac59-c1659cc6e668,2025-02-14,PMT-00032277,500.0,Visa,1030 · Merchant Clearing,EMR Payment | visa,00032277
CID-f02ca27d-17e4-41ad-9ed0-735f6cb36adb,2025-02-14,PMT-00032280,315.28,Cash,1030 · Merchant Clearing,EMR Payment | cash,00032280
CID-486f1942-e350-4e02-821c-db3e87dd7fc6,2025-02-18,PMT-00032233,250.0,Visa,1030 · Merchant Clearing,EMR Payment | visa,00032233
CID-e86cb3c6-4164-4fa1-8273-aef2570517ad,2025-02-19,PMT-00032293,200.0,Cash,1030 · Merchant Clearing,EMR Payment | cash,00032293
CID-f2c31ed8-afe8-496c-87e6-956b042e0cc8,2025-02-19,PMT-00032297,584.0,Amex,1030 · Merchant Clearing,EMR Payment | amex,00032297
CID-77656f52-d700-4061-91b8-96b42a4645cf,2025-02-19,PMT-00032298,300.0,Visa,1030 · Merchant Clearing,EMR Payment | visa,00032298
CID-f8ab3a44-1bb6-4643-81ab-4d1f7069075f,2025-02-19,PMT-00032300,500.0,Cash,1030 · Merchant Clearing,EMR Payment | cash,00032300
CID-f8ab3a44-1bb6-4643-81ab-4d1f7069075f,2025-02-19,PMT-00032300,1227.0,Visa,1030 · Merchant Clearing,EMR Payment | visa,00032300
CID-5f66c0bb-a585-45df-b553-216dcbb4c335,2025-02-19,PMT-00032301,630.0,Visa,1030 · Merchant Clearing,EMR Payment | visa,00032301
CID-e1f3fa70-7bb0-4d60-b45d-96d5a32f43c5,2025-02-19,PMT-00032302,447.88,Mastercard,1030 · Merchant Clearing,EMR Payment | mastercard,00032302
CID-520470fc-0bad-4350-9fd7-846477f95609,2025-02-19,PMT-00032304,866.36,Visa,1030 · Merchant Clearing,EMR Payment | visa,00032304
CID-a47dfe0f-d8aa-4025-b70c-59d64377c2a6,2025-02-19,PMT-00032306,1104.81,Discover,1030 · Merchant Clearing,EMR Payment | discover,00032306
CID-328fe137-c6e7-4f49-8da7-83d975cf3c38,2025-02-19,PMT-00032309,248.0,Mastercard,1030 · Merchant Clearing,EMR Payment | mastercard,00032309
CID-0fe9c8be-eb31-403a-809e-544c23d66a1d,2025-02-19,PMT-00032311,191.36,Mastercard,1030 · Merchant Clearing,EMR Payment | mastercard,00032311
CID-5d3c8d28-9272-4ab7-8d3b-82bbf6dab844,2025-02-20,PMT-00031141,350.0,Visa,1030 · Merchant Clearing,EMR Payment | visa,00031141
CID-4477600b-dabf-406d-b851-5c5c5cb53353,2025-02-20,PMT-00032308,30.0,Visa,1030 · Merchant Clearing,EMR Payment | visa,00032308
CID-8a59b564-5363-4700-bb0e-510948aab9cd,2025-02-21,PMT-00031145,1150.0,Visa,1030 · Merchant Clearing,EMR Payment | visa,00031145
CID-7afd913b-be9d-4da7-b8b1-13f5ce593a32,2025-02-21,PMT-00032282,550.0,Visa,1030 · Merchant Clearing,EMR Payment | visa,00032282
CID-758d8199-2a94-424e-abeb-528d07cbdc9f,2025-02-21,PMT-00032317,71.08,Visa,1030 · Merchant Clearing,EMR Payment | visa,00032317
CID-81fd5a7f-88f7-4636-b3ab-ff6ea87fa0bb,2025-02-21,PMT-00032319,109.5,Visa,1030 · Merchant Clearing,EMR Payment | visa,00032319
CID-84886c9f-1236-4626-b998-68e426ca869d,2025-02-21,PMT-00032322,350.0,Visa,1030 · Merchant Clearing,EMR Payment | visa,00032322
CID-0def96fc-a75b-4f06-8c1a-2675f14d849e,2025-02-21,PMT-00032325,922.29,Visa,1030 · Merchant Clearing,EMR Payment | visa,00032325
CID-71b5dbdb-3006-4972-87da-68b9f9d29f86,2025-02-21,PMT-00032329,720.47,Visa,1030 · Merchant Clearing,EMR Payment | visa,00032329
CID-b9d04286-fee1-499a-b31a-a13c1a3e616f,2025-02-24,PMT-00032312,250.0,Amex,1030 · Merchant Clearing,EMR Payment | amex,00032312
CID-315c4cca-7be4-4d1b-b3bb-4a74846ea5a9,2025-02-26,PMT-00031046,398.04,Visa,1030 · Merchant Clearing,EMR Payment | visa,00031046
CID-850eed8e-993b-4957-8f7b-60ec78ad6f07,2025-02-26,PMT-00032226,478.0,Visa,1030 · Merchant Clearing,EMR Payment | visa,00032226
CID-0dd5a81b-e8b7-4575-bb2f-97f47d90f638,2025-02-26,PMT-00032354,214.0,Visa,1030 · Merchant Clearing,EMR Payment | visa,00032354
CID-bced6a0e-0879-4ffc-95ea-c347223fe3b5,2025-02-26,PMT-00032355,331.0,Amex,1030 · Merchant Clearing,EMR Payment | amex,00032355
CID-99212a86-b8d0-4450-a839-40f4ff1aa87c,2025-02-26,PMT-00032357,68.89,Discover,1030 · Merchant Clearing,EMR Payment | discover,00032357
CID-8ee0b25e-b8cc-4828-8c6d-cbe0ff2eba5e,2025-02-26,PMT-00032358,542.38,Visa,1030 · Merchant Clearing,EMR Payment | visa,00032358
CID-cccf15dc-9183-446e-a45e-1ed5d639285c,2025-02-27,PMT-00032337,500.0,Mastercard,1030 · Merchant Clearing,EMR Payment | mastercard,00032337
CID-d7a1a5f0-d29f-48e5-abe4-03126dcedc42,2025-02-28,PMT-00032331,250.0,Cash,1030 · Merchant Clearing,EMR Payment | cash,00032331
CID-5d2c3c8d-a2c4-4f00-89cc-c1ea7ac625d4,2025-02-28,PMT-00032369,2806.04,Visa,1030 · Merchant Clearing,EMR Payment | visa,00032369
CID-5d2c3c8d-a2c4-4f00-89cc-c1ea7ac625d4,2025-02-28,PMT-00032371,30.0,Visa,1030 · Merchant Clearing,EMR Payment | visa,00032371
CID-b6dd7bd2-f305-408d-9567-8052ec50c678,2025-02-28,PMT-00032372,1022.0,Amex,1030 · Merchant Clearing,EMR Payment | amex,00032372
CID-aa1f84db-ede0-4488-b5b8-22c27c7b87d9,2025-02-28,PMT-00032373,332.46,Mastercard,1030 · Merchant Clearing,EMR Payment | mastercard,00032373
CID-84886c9f-1236-4626-b998-68e426ca869d,2025-02-28,PMT-00032374,97.0,Visa,1030 · Merchant Clearing,EMR Payment | visa,00032374
CID-87fe7b87-5962-4433-a828-616574d70b2f,2025-02-28,PMT-00032375,500.0,Mastercard,1030 · Merchant Clearing,EMR Payment | mastercard,00032375
CID-e17bac5a-2eaa-4c71-8540-01943f5b5848,2025-02-28,PMT-00032377,75.0,Visa,1030 · Merchant Clearing,EMR Payment | visa,00032377
CID-2505dc61-1af0-46c8-81f1-8e5adb466cf2,2025-02-28,PMT-00032378,75.0,Visa,1030 · Merchant Clearing,EMR Payment | visa,00032378
CID-85564123-eebe-4c08-be72-1ad3c7a80d33,2025-03-03,PMT-00032267,286.0,Visa,1030 · Merchant Clearing,EMR Payment | visa,00032267
CID-828ff948-bbbe-45f8-a628-1788b0e126a4,2025-03-03,PMT-00032381,299.0,Mastercard,1030 · Merchant Clearing,EMR Payment | mastercard,00032381
CID-e5606037-1adb-44c7-bb9b-8232812624fd,2025-03-03,PMT-00032382,682.0,Visa,1030 · Merchant Clearing,EMR Payment | visa,00032382
CID-ef15b748-5cdf-4d87-968e-55af72e78cc1,2025-03-03,PMT-00032384,704.0,Amex,1030 · Merchant Clearing,EMR Payment | amex,00032384
CID-85564123-eebe-4c08-be72-1ad3c7a80d33,2025-03-03,PMT-00032400,262.44,Visa,1030 · Merchant Clearing,EMR Payment | visa,00032400
CID-f38733cb-973e-4565-870a-f545a419f2ea,2025-03-05,PMT-00032263,350.0,Discover,1030 · Merchant Clearing,EMR Payment | discover,00032263
CID-a145532a-5e68-4f14-95b9-ec9011b2741e,2025-03-05,PMT-00032410,27.34,Cash,1030 · Merchant Clearing,EMR Payment | cash,00032410
CID-adf165d7-c723-4e70-afcc-4bc4633de85b,2025-03-05,PMT-00032414,311.0,Amex,1030 · Merchant Clearing,EMR Payment | amex,00032414
CID-39518f2e-1bcc-42bf-888b-0cccabab3554,2025-03-05,PMT-00032416,584.0,Visa,1030 · Merchant Clearing,EMR Payment | visa,00032416
CID-f3419cdc-142d-4010-ae9a-4d1aa76d8e8d,2025-03-05,PMT-00032417,943.26,Visa,1030 · Merchant Clearing,EMR Payment | visa,00032417
CID-328fe137-c6e7-4f49-8da7-83d975cf3c38,2025-03-06,PMT-00032310,288.0,Cash,1030 · Merchant Clearing,EMR Payment | cash,00032310
CID-71b5dbdb-3006-4972-87da-68b9f9d29f86,2025-03-06,PMT-00032426,123.57,Visa,1030 · Merchant Clearing,EMR Payment | visa,00032426
CID-a47dfe0f-d8aa-4025-b70c-59d64377c2a6,2025-03-07,PMT-00032305,453.81,Discover,1030 · Merchant Clearing,EMR Payment | discover,00032305
CID-6aba4ea7-0b7b-47d0-a30a-703a66e47887,2025-03-07,PMT-00032431,892.0,Amex,1030 · Merchant Clearing,EMR Payment | amex,00032431
CID-9701f4a9-f157-4945-8289-144d52196dac,2025-03-07,PMT-00032432,408.67,Visa,1030 · Merchant Clearing,EMR Payment | visa,00032432
CID-0d4dd0d3-1192-49f5-99be-12f6e416650c,2025-03-07,PMT-00032433,486.0,Visa,1030 · Merchant Clearing,EMR Payment | visa,00032433
CID-a47dfe0f-d8aa-4025-b70c-59d64377c2a6,2025-03-07,PMT-00032434,925.13,Discover,1030 · Merchant Clearing,EMR Payment | discover,00032434
CID-a47dfe0f-d8aa-4025-b70c-59d64377c2a6,2025-03-07,PMT-00032436,42.65,Discover,1030 · Merchant Clearing,EMR Payment | discover,00032436
CID-c31dffde-4cef-47fd-921e-989058e5a8e2,2025-03-07,PMT-00032438,299.0,Discover,1030 · Merchant Clearing,EMR Payment | discover,00032438
CID-8a59b564-5363-4700-bb0e-510948aab9cd,2025-03-07,PMT-00032441,418.0,Visa,1030 · Merchant Clearing,EMR Payment | visa,00032441
CID-18a5f300-4d2a-433b-87af-a47bfcca4b5f,2025-03-08,PMT-00032368,250.0,Visa,1030 · Merchant Clearing,EMR Payment | visa,00032368
CID-74b5adcd-6c6b-4ecf-8a4a-d4b05dd11466,2025-03-10,PMT-00032443,200.0,Cash,1030 · Merchant Clearing,EMR Payment | cash,00032443
CID-96ca49e3-5c64-4515-8605-957d89bee0fc,2025-03-10,PMT-00032448,500.0,Visa,1030 · Merchant Clearing,EMR Payment | visa,00032448
CID-8ee0b25e-b8cc-4828-8c6d-cbe0ff2eba5e,2025-03-10,PMT-00032453,224.0,Visa,1030 · Merchant Clearing,EMR Payment | visa,00032453
CID-fe21f5a8-9e2c-45e6-bf65-9cbfd63b9d7c,2025-03-10,PMT-00032454,199.0,Visa,1030 · Merchant Clearing,EMR Payment | visa,00032454
CID-8ee0b25e-b8cc-4828-8c6d-cbe0ff2eba5e,2025-03-10,PMT-00032457,54.68,Visa,1030 · Merchant Clearing,EMR Payment | visa,00032457
CID-9eca195d-dba2-426f-a841-3bb0cce14a70,2025-03-11,PMT-00032463,672.5,Visa,1030 · Merchant Clearing,EMR Payment | visa,00032463
CID-f2c31ed8-afe8-496c-87e6-956b042e0cc8,2025-03-11,PMT-00032465,179.0,Amex,1030 · Merchant Clearing,EMR Payment | amex,00032465
CID-f8ab3a44-1bb6-4643-81ab-4d1f7069075f,2025-03-11,PMT-00032468,199.0,Cash,1030 · Merchant Clearing,EMR Payment | cash,00032468
CID-9291ec3e-a2b4-4710-85b0-d17ccc2cd3db,2025-03-12,PMT-00032344,75.0,Visa,1030 · Merchant Clearing,EMR Payment | visa,00032344
CID-5e69d0ba-f7ea-4e2c-8324-3f68d945054a,2025-03-12,PMT-00032383,1076.0,Mastercard,1030 · Merchant Clearing,EMR Payment | mastercard,00032383
CID-62d4b92e-a9ab-4bdb-b3c1-3b186032aaa1,2025-03-12,PMT-00032444,197.93,Visa,1030 · Merchant Clearing,EMR Payment | visa,00032444
CID-693d6eb3-28a6-46b6-82e2-968a0ac276a4,2025-03-12,PMT-00032472,262.44,Cash,1030 · Merchant Clearing,EMR Payment | cash,00032472
CID-80788200-0a52-403c-bb17-47683e076ff2,2025-03-12,PMT-00032475,498.0,Discover,1030 · Merchant Clearing,EMR Payment | discover,00032475
CID-5ee303d5-6ca4-4c6c-806d-04744b7552dc,2025-03-12,PMT-00032476,725.0,Visa,1030 · Merchant Clearing,EMR Payment | visa,00032476
CID-ae914449-c410-4eff-b3a9-7499202d6e01,2025-03-12,PMT-00032477,753.42,Discover,1030 · Merchant Clearing,EMR Payment | discover,00032477
CID-a145532a-5e68-4f14-95b9-ec9011b2741e,2025-03-12,PMT-00032478,68.34,Cash,1030 · Merchant Clearing,EMR Payment | cash,00032478
CID-3781f4a8-d7c3-44a4-81dc-c35da019fede,2025-03-12,PMT-00032480,50.0,Visa,1030 · Merchant Clearing,EMR Payment | visa,00032480
CID-77656f52-d700-4061-91b8-96b42a4645cf,2025-03-12,PMT-00032481,400.0,Visa,1030 · Merchant Clearing,EMR Payment | visa,00032481
CID-0129ac4f-c6cf-4ec5-acdd-99a2484f55b6,2025-03-14,PMT-00032202,299.0,Amex,1030 · Merchant Clearing,EMR Payment | amex,00032202
CID-fe21f5a8-9e2c-45e6-bf65-9cbfd63b9d7c,2025-03-14,PMT-00032447,500.0,Visa,1030 · Merchant Clearing,EMR Payment | visa,00032447
CID-766ec676-22e4-4942-8ff2-567191e14ad4,2025-03-14,PMT-00032473,1000.0,Mastercard,1030 · Merchant Clearing,EMR Payment | mastercard,00032473
CID-cccf15dc-9183-446e-a45e-1ed5d639285c,2025-03-14,PMT-00032474,1000.0,Mastercard,1030 · Merchant Clearing,EMR Payment | mastercard,00032474
CID-d24335b1-c943-476e-9762-ff98ad9af1e9,2025-03-14,PMT-00032491,1231.14,Visa,1030 · Merchant Clearing,EMR Payment | visa,00032491
CID-fb03edd7-1328-4ce5-bed1-06fba1d97acd,2025-03-14,PMT-00032494,532.0,Mastercard,1030 · Merchant Clearing,EMR Payment | mastercard,00032494
CID-cc6ba952-9754-42e5-8d88-974dc2b95dbe,2025-03-14,PMT-00032495,300.0,Cash,1030 · Merchant Clearing,EMR Payment | cash,00032495
CID-cc6ba952-9754-42e5-8d88-974dc2b95dbe,2025-03-14,PMT-00032495,750.14,Mastercard,1030 · Merchant Clearing,EMR Payment | mastercard,00032495
CID-55833f13-6798-4e8b-9854-4ff64bd4ca89,2025-03-14,PMT-00032496,444.0,Visa,1030 · Merchant Clearing,EMR Payment | visa,00032496
CID-a145532a-5e68-4f14-95b9-ec9011b2741e,2025-03-14,PMT-00032497,350.0,Cash,1030 · Merchant Clearing,EMR Payment | cash,00032497
CID-5d2c3c8d-a2c4-4f00-89cc-c1ea7ac625d4,2025-03-19,PMT-00032370,30.0,Visa,1030 · Merchant Clearing,EMR Payment | visa,00032370
CID-5d2c3c8d-a2c4-4f00-89cc-c1ea7ac625d4,2025-03-19,PMT-00032514,500.0,Visa,1030 · Merchant Clearing,EMR Payment | visa,00032514
CID-01a2d0fa-38eb-421f-b283-7b360f629a52,2025-03-19,PMT-00032516,110.0,Visa,1030 · Merchant Clearing,EMR Payment | visa,00032516
CID-00387316-f27a-4f12-afad-c876ae0d1a1f,2025-03-21,PMT-00032521,684.0,Visa,1030 · Merchant Clearing,EMR Payment | visa,00032521
CID-a47dfe0f-d8aa-4025-b70c-59d64377c2a6,2025-03-21,PMT-00032522,1198.41,Discover,1030 · Merchant Clearing,EMR Payment | discover,00032522
CID-ff964ee0-4b07-4770-b099-edd5fffb4c15,2025-03-21,PMT-00032525,532.0,Visa,1030 · Merchant Clearing,EMR Payment | visa,00032525
CID-70b11ce3-3b12-4864-a027-372e95f76ed5,2025-03-21,PMT-00032526,500.0,Visa,1030 · Merchant Clearing,EMR Payment | visa,00032526
CID-891313b5-ff60-458b-a49c-08adb0ababa6,2025-03-21,PMT-00032527,79.0,Visa,1030 · Merchant Clearing,EMR Payment | visa,00032527
CID-84886c9f-1236-4626-b998-68e426ca869d,2025-03-21,PMT-00032531,129.0,Visa,1030 · Merchant Clearing,EMR Payment | visa,00032531
CID-86287d37-6f05-41d9-b2da-4811fe943f30,2025-03-21,PMT-00032532,68.89,Visa,1030 · Merchant Clearing,EMR Payment | visa,00032532
CID-e86cb3c6-4164-4fa1-8273-aef2570517ad,2025-03-21,PMT-00032537,200.0,Cash,1030 · Merchant Clearing,EMR Payment | cash,00032537
CID-6523d9c0-c7dc-4133-aea9-d229da32ebc6,2025-03-25,PMT-00032553,342.25,Cash,1030 · Merchant Clearing,EMR Payment | cash,00032553
CID-328fe137-c6e7-4f49-8da7-83d975cf3c38,2025-03-25,PMT-00032556,199.0,Visa,1030 · Merchant Clearing,EMR Payment | visa,00032556
CID-315c4cca-7be4-4d1b-b3bb-4a74846ea5a9,2025-03-26,PMT-00032360,110.22,Discover,1030 · Merchant Clearing,EMR Payment | discover,00032360
CID-a145532a-5e68-4f14-95b9-ec9011b2741e,2025-03-26,PMT-00032497,50.0,Cash,1030 · Merchant Clearing,EMR Payment | cash,00032497
CID-315c4cca-7be4-4d1b-b3bb-4a74846ea5a9,2025-03-26,PMT-00032535,419.91,Visa,1030 · Merchant Clearing,EMR Payment | visa,00032535
CID-758d8199-2a94-424e-abeb-528d07cbdc9f,2025-03-26,PMT-00032564,183.7,Visa,1030 · Merchant Clearing,EMR Payment | visa,00032564
CID-3e8656e9-2bae-4b15-aba7-8aa6645d1310,2025-03-26,PMT-00032566,300.0,Cash,1030 · Merchant Clearing,EMR Payment | cash,00032566
CID-3e8656e9-2bae-4b15-aba7-8aa6645d1310,2025-03-26,PMT-00032566,400.0,Visa,1030 · Merchant Clearing,EMR Payment | visa,00032566
CID-52b06965-e57d-4ab0-ac59-c1659cc6e668,2025-03-26,PMT-00032569,300.0,Visa,1030 · Merchant Clearing,EMR Payment | visa,00032569
CID-8ee0b25e-b8cc-4828-8c6d-cbe0ff2eba5e,2025-03-26,PMT-00032571,2108.21,Visa,1030 · Merchant Clearing,EMR Payment | visa,00032571
CID-c0d05d0b-749f-47bc-8df7-86274a1cda7a,2025-03-26,PMT-00032572,64.0,Visa,1030 · Merchant Clearing,EMR Payment | visa,00032572
CID-3b0fc73f-217c-4daf-a742-cb098ddb5a47,2025-03-26,PMT-00032573,1000.0,Mastercard,1030 · Merchant Clearing,EMR Payment | mastercard,00032573
CID-7afd913b-be9d-4da7-b8b1-13f5ce593a32,2025-03-26,PMT-00032575,191.36,Visa,1030 · Merchant Clearing,EMR Payment | visa,00032575
CID-87855f00-381a-4bf9-a843-f705d0e4d698,2025-03-26,PMT-00032578,99.0,Mastercard,1030 · Merchant Clearing,EMR Payment | mastercard,00032578
CID-79f68567-8ef6-4f2f-809f-f40377cf159e,2025-03-26,PMT-00032579,37.18,Cash,1030 · Merchant Clearing,EMR Payment | cash,00032579
CID-c242f969-2db5-4ddc-9f86-5809501cea53,2025-03-27,PMT-00032581,135.59,Mastercard,1030 · Merchant Clearing,EMR Payment | mastercard,00032581
CID-6aba4ea7-0b7b-47d0-a30a-703a66e47887,2025-03-27,PMT-00032583,153.09,Amex,1030 · Merchant Clearing,EMR Payment | amex,00032583
CID-5f8c864e-2534-474b-aedb-345c6f6249bf,2025-03-27,PMT-00032584,153.09,Visa,1030 · Merchant Clearing,EMR Payment | visa,00032584
CID-cc6ba952-9754-42e5-8d88-974dc2b95dbe,2025-03-27,PMT-00032585,43.74,Visa,1030 · Merchant Clearing,EMR Payment | visa,00032585
CID-cc6ba952-9754-42e5-8d88-974dc2b95dbe,2025-03-27,PMT-00032586,239.7,Mastercard,1030 · Merchant Clearing,EMR Payment | mastercard,00032586
CID-ad564527-59cf-4c9e-918c-0bdb19c6510a,2025-03-28,PMT-00032587,615.0,Visa,1030 · Merchant Clearing,EMR Payment | visa,00032587
CID-87fe7b87-5962-4433-a828-616574d70b2f,2025-03-28,PMT-00032590,500.0,Mastercard,1030 · Merchant Clearing,EMR Payment | mastercard,00032590
CID-a2a4741f-bced-45dc-8ea5-126b55e919a4,2025-03-28,PMT-00032593,227.0,Visa,1030 · Merchant Clearing,EMR Payment | visa,00032593
CID-0d4dd0d3-1192-49f5-99be-12f6e416650c,2025-03-28,PMT-00032597,397.41,Visa,1030 · Merchant Clearing,EMR Payment | visa,00032597
CID-0129ac4f-c6cf-4ec5-acdd-99a2484f55b6,2025-03-28,PMT-00032600,142.16,Amex,1030 · Merchant Clearing,EMR Payment | amex,00032600
CID-aa1b624b-5292-4806-9d73-a73b2c24d3f5,2025-03-28,PMT-00032602,335.0,Visa,1030 · Merchant Clearing,EMR Payment | visa,00032602
CID-ee7e17ce-e0dd-4c6f-bc58-6519129112aa,2025-03-31,PMT-00032609,428.65,Discover,1030 · Merchant Clearing,EMR Payment | discover,00032609
CID-d7a1a5f0-d29f-48e5-abe4-03126dcedc42,2025-04-01,PMT-00032539,578.0,Check,1030 · Merchant Clearing,EMR Payment | check,00032539
CID-e5606037-1adb-44c7-bb9b-8232812624fd,2025-04-01,PMT-00032542,75.0,Visa,1030 · Merchant Clearing,EMR Payment | visa,00032542
CID-37ec8873-53cd-4cca-88e6-b4da2c14c94f,2025-04-01,PMT-00033611,504.39,Visa,1030 · Merchant Clearing,EMR Payment | visa,00033611
CID-0129ac4f-c6cf-4ec5-acdd-99a2484f55b6,2025-04-01,PMT-00033614,234.0,Amex,1030 · Merchant Clearing,EMR Payment | amex,00033614
CID-5d965ce6-acc6-4762-870a-c2a6aa819343,2025-04-02,PMT-00033619,694.52,Visa,1030 · Merchant Clearing,EMR Payment | visa,00033619
CID-6b28dd4c-4819-4743-a931-f86544562c91,2025-04-02,PMT-00033622,59.49,Visa,1030 · Merchant Clearing,EMR Payment | visa,00033622
CID-619860c1-7233-45a1-930b-94c82f8c9eb4,2025-04-02,PMT-00033623,479.43,Visa,1030 · Merchant Clearing,EMR Payment | visa,00033623
CID-01a2d0fa-38eb-421f-b283-7b360f629a52,2025-04-02,PMT-00033624,312.0,Visa,1030 · Merchant Clearing,EMR Payment | visa,00033624
CID-d7819a16-2776-46bf-b71a-205e538ccbd3,2025-04-02,PMT-00033632,299.0,Visa,1030 · Merchant Clearing,EMR Payment | visa,00033632
CID-7a63c954-e1ee-417b-bb99-c460d8eded26,2025-04-02,PMT-00033634,356.71,Visa,1030 · Merchant Clearing,EMR Payment | visa,00033634
CID-72e74015-dd32-4f67-a0d1-ac21c1506858,2025-04-04,PMT-00032610,99.0,Mastercard,1030 · Merchant Clearing,EMR Payment | mastercard,00032610
CID-d7a1a5f0-d29f-48e5-abe4-03126dcedc42,2025-04-04,PMT-00033650,607.2,Amex,1030 · Merchant Clearing,EMR Payment | amex,00033650
CID-1f3e2d1c-c528-4a89-bc31-22546f2bcf41,2025-04-08,PMT-00033672,76.55,Mastercard,1030 · Merchant Clearing,EMR Payment | mastercard,00033672
CID-e1b69173-5f4b-4188-8ea8-1564bbc6b353,2025-04-09,PMT-00031187,585.63,Visa,1030 · Merchant Clearing,EMR Payment | visa,00031187
CID-00268c85-a913-4110-b37d-1691c72012db,2025-04-09,PMT-00033633,633.36,Visa,1030 · Merchant Clearing,EMR Payment | visa,00033633
CID-37ec8873-53cd-4cca-88e6-b4da2c14c94f,2025-04-09,PMT-00033674,539.55,Visa,1030 · Merchant Clearing,EMR Payment | visa,00033674
CID-5d2c3c8d-a2c4-4f00-89cc-c1ea7ac625d4,2025-04-09,PMT-00033675,1348.0,Visa,1030 · Merchant Clearing,EMR Payment | visa,00033675
CID-5d2c3c8d-a2c4-4f00-89cc-c1ea7ac625d4,2025-04-09,PMT-00033677,530.0,Visa,1030 · Merchant Clearing,EMR Payment | visa,00033677
CID-84886c9f-1236-4626-b998-68e426ca869d,2025-04-09,PMT-00033680,350.0,Visa,1030 · Merchant Clearing,EMR Payment | visa,00033680
CID-83ade0b7-31a1-4051-9491-ab1bd22b8381,2025-04-10,PMT-00033691,199.0,Amex,1030 · Merchant Clearing,EMR Payment | amex,00033691
CID-8aa02dfc-2c90-4c9f-b3ca-391003318c3e,2025-04-11,PMT-00033683,437.4,Visa,1030 · Merchant Clearing,EMR Payment | visa,00033683
CID-d7b96e6c-bad5-4412-af08-2de57fbce0a6,2025-04-16,PMT-00033707,416.66,Visa,1030 · Merchant Clearing,EMR Payment | visa,00033707
CID-c2381412-c865-4bfe-8e7e-8a0fc1d0846a,2025-04-16,PMT-00033709,422.0,Visa,1030 · Merchant Clearing,EMR Payment | visa,00033709
CID-850eed8e-993b-4957-8f7b-60ec78ad6f07,2025-04-16,PMT-00033713,681.0,Visa,1030 · Merchant Clearing,EMR Payment | visa,00033713
CID-553c4e88-713f-404b-aa1c-5d97363b1739,2025-04-16,PMT-00033716,275.56,Visa,1030 · Merchant Clearing,EMR Payment | visa,00033716
CID-e7a2606c-9a03-4e2d-b54e-8d2aa13e8bb2,2025-04-16,PMT-00033717,671.0,Mastercard,1030 · Merchant Clearing,EMR Payment | mastercard,00033717
CID-425bc7d4-bc3c-4ed7-b692-c724050545fa,2025-04-16,PMT-00033718,257.0,Visa,1030 · Merchant Clearing,EMR Payment | visa,00033718
CID-dfe3ba2e-ec3b-4d42-a904-93df6fe8fe20,2025-04-16,PMT-00033719,510.0,Visa,1030 · Merchant Clearing,EMR Payment | visa,00033719
CID-a5b66bfc-8447-4582-b340-bff0f4e78af7,2025-04-16,PMT-00033720,331.0,Cash,1030 · Merchant Clearing,EMR Payment | cash,00033720
CID-4badf727-a203-41ef-99f0-72e713a1450a,2025-04-16,PMT-00033721,349.0,Check,1030 · Merchant Clearing,EMR Payment | check,00033721
CID-63dd5c33-66dc-468f-8375-c098d665b9f2,2025-04-16,PMT-00033722,67.0,Cash,1030 · Merchant Clearing,EMR Payment | cash,00033722
CID-8a7efebc-36ec-41ba-9b5b-cc05d233e027,2025-04-16,PMT-00033723,561.58,Cash,1030 · Merchant Clearing,EMR Payment | cash,00033723
CID-e86cb3c6-4164-4fa1-8273-aef2570517ad,2025-04-16,PMT-00033724,827.78,Amex,1030 · Merchant Clearing,EMR Payment | amex,00033724
CID-b9d04286-fee1-499a-b31a-a13c1a3e616f,2025-04-17,PMT-00033688,250.0,Amex,1030 · Merchant Clearing,EMR Payment | amex,00033688
CID-d07dd33a-ac27-45cd-8ed0-0edfb14d5729,2025-04-18,PMT-00033730,356.0,Visa,1030 · Merchant Clearing,EMR Payment | visa,00033730
CID-b44d561d-08f2-4f52-8075-6baf709fbad8,2025-04-18,PMT-00033732,889.0,Amex,1030 · Merchant Clearing,EMR Payment | amex,00033732
CID-944df936-b013-4571-b78b-6841162c81ae,2025-04-18,PMT-00033734,749.0,Cash,1030 · Merchant Clearing,EMR Payment | cash,00033734
CID-a47dfe0f-d8aa-4025-b70c-59d64377c2a6,2025-04-18,PMT-00033737,54.68,Discover,1030 · Merchant Clearing,EMR Payment | discover,00033737
CID-0fe9c8be-eb31-403a-809e-544c23d66a1d,2025-04-18,PMT-00033739,964.0,Mastercard,1030 · Merchant Clearing,EMR Payment | mastercard,00033739
CID-a54b5182-1cb6-4ba7-bf6d-64137b3dff27,2025-04-18,PMT-00033741,834.33,Visa,1030 · Merchant Clearing,EMR Payment | visa,00033741
CID-fe21f5a8-9e2c-45e6-bf65-9cbfd63b9d7c,2025-04-18,PMT-00033742,900.0,Visa,1030 · Merchant Clearing,EMR Payment | visa,00033742
CID-18a5f300-4d2a-433b-87af-a47bfcca4b5f,2025-04-19,PMT-00033668,250.0,Cash,1030 · Merchant Clearing,EMR Payment | cash,00033668
CID-2008b975-4d12-4f06-a420-1081cbee6b00,2025-04-19,PMT-00033669,250.0,Check,1030 · Merchant Clearing,EMR Payment | check,00033669
CID-3d97c58e-454c-4f08-8d1b-26ca224ea4aa,2025-04-23,PMT-00033754,414.44,Visa,1030 · Merchant Clearing,EMR Payment | visa,00033754
CID-d5055aa3-cd29-4890-81b8-7715ccc04f03,2025-04-23,PMT-00033755,468.0,Visa,1030 · Merchant Clearing,EMR Payment | visa,00033755
CID-f8ab3a44-1bb6-4643-81ab-4d1f7069075f,2025-04-23,PMT-00033756,600.0,Cash,1030 · Merchant Clearing,EMR Payment | cash,00033756
CID-f8ab3a44-1bb6-4643-81ab-4d1f7069075f,2025-04-23,PMT-00033756,994.0,Visa,1030 · Merchant Clearing,EMR Payment | visa,00033756
CID-88141eb1-2659-40d9-81ff-4820f4078c89,2025-04-23,PMT-00033759,1137.0,Mastercard,1030 · Merchant Clearing,EMR Payment | mastercard,00033759
CID-9b9d4704-d711-433a-b157-c12132061b34,2025-04-23,PMT-00033760,590.53,Visa,1030 · Merchant Clearing,EMR Payment | visa,00033760
CID-77656f52-d700-4061-91b8-96b42a4645cf,2025-04-23,PMT-00033762,1050.0,Visa,1030 · Merchant Clearing,EMR Payment | visa,00033762
CID-cc6ba952-9754-42e5-8d88-974dc2b95dbe,2025-04-23,PMT-00033763,1659.87,Visa,1030 · Merchant Clearing,EMR Payment | visa,00033763
CID-cc6ba952-9754-42e5-8d88-974dc2b95dbe,2025-04-23,PMT-00033766,118.1,Visa,1030 · Merchant Clearing,EMR Payment | visa,00033766
CID-f636581c-8b20-4756-bf21-269674811598,2025-04-23,PMT-00033770,419.0,Visa,1030 · Merchant Clearing,EMR Payment | visa,00033770
CID-52b06965-e57d-4ab0-ac59-c1659cc6e668,2025-04-23,PMT-00033772,400.0,Visa,1030 · Merchant Clearing,EMR Payment | visa,00033772
CID-bc37d277-e5c4-4f18-94a8-d1288614c303,2025-04-23,PMT-00033774,153.09,Visa,1030 · Merchant Clearing,EMR Payment | visa,00033774
CID-bc37d277-e5c4-4f18-94a8-d1288614c303,2025-04-23,PMT-00033774,153.09,Visa,1030 · Merchant Clearing,EMR Payment | visa,00033774
CID-315c4cca-7be4-4d1b-b3bb-4a74846ea5a9,2025-04-24,PMT-00033773,110.22,Visa,1030 · Merchant Clearing,EMR Payment | visa,00033773
CID-f02ca27d-17e4-41ad-9ed0-735f6cb36adb,2025-04-24,PMT-00033782,149.0,Visa,1030 · Merchant Clearing,EMR Payment | visa,00033782
CID-850eed8e-993b-4957-8f7b-60ec78ad6f07,2025-04-24,PMT-00033784,149.0,Visa,1030 · Merchant Clearing,EMR Payment | visa,00033784
CID-1bd105e5-87d8-4749-b6be-c4bf9520a03c,2025-04-25,PMT-00033725,308.0,Mastercard,1030 · Merchant Clearing,EMR Payment | mastercard,00033725
CID-31ebc594-390f-4b45-b9b4-84a4a6ca3b6b,2025-04-25,PMT-00033789,233.82,Visa,1030 · Merchant Clearing,EMR Payment | visa,00033789
CID-5d2c3c8d-a2c4-4f00-89cc-c1ea7ac625d4,2025-04-25,PMT-00033791,1260.0,Visa,1030 · Merchant Clearing,EMR Payment | visa,00033791
CID-e86cb3c6-4164-4fa1-8273-aef2570517ad,2025-04-25,PMT-00033793,166.21,Amex,1030 · Merchant Clearing,EMR Payment | amex,00033793
CID-e86cb3c6-4164-4fa1-8273-aef2570517ad,2025-04-25,PMT-00033794,270.0,Cash,1030 · Merchant Clearing,EMR Payment | cash,00033794
CID-e7a2606c-9a03-4e2d-b54e-8d2aa13e8bb2,2025-04-25,PMT-00033795,132.0,Mastercard,1030 · Merchant Clearing,EMR Payment | mastercard,00033795
CID-3e8656e9-2bae-4b15-aba7-8aa6645d1310,2025-04-29,PMT-00034807,178.8,Visa,1030 · Merchant Clearing,EMR Payment | visa,00034807
CID-f5a8c813-ffcf-4ceb-958c-1e6975912cc6,2025-04-30,PMT-00034811,662.0,Visa,1030 · Merchant Clearing,EMR Payment | visa,00034811
CID-278d2a51-8c12-4f6e-a7b3-502d7bf2ddaa,2025-04-30,PMT-00034814,590.53,Visa,1030 · Merchant Clearing,EMR Payment | visa,00034814
CID-0d4dd0d3-1192-49f5-99be-12f6e416650c,2025-04-30,PMT-00034818,123.0,Visa,1030 · Merchant Clearing,EMR Payment | visa,00034818
CID-78de30c4-dd3f-4abe-a6d3-412da722d8f5,2025-04-30,PMT-00034820,622.63,Mastercard,1030 · Merchant Clearing,EMR Payment | mastercard,00034820
CID-d7819a16-2776-46bf-b71a-205e538ccbd3,2025-04-30,PMT-00034822,604.0,Visa,1030 · Merchant Clearing,EMR Payment | visa,00034822
CID-b8b35095-6079-41e5-85e6-469119bbf393,2025-04-30,PMT-00034823,500.0,Visa,1030 · Merchant Clearing,EMR Payment | visa,00034823
CID-b8b35095-6079-41e5-85e6-469119bbf393,2025-04-30,PMT-00034823,600.0,Visa,1030 · Merchant Clearing,EMR Payment | visa,00034823
CID-b8b35095-6079-41e5-85e6-469119bbf393,2025-04-30,PMT-00034824,109.35,Visa,1030 · Merchant Clearing,EMR Payment | visa,00034824
CID-6523d9c0-c7dc-4133-aea9-d229da32ebc6,2025-04-30,PMT-00034828,1370.71,Cash,1030 · Merchant Clearing,EMR Payment | cash,00034828
CID-6177b08f-2c28-4e89-bc6e-8db3f732b150,2025-04-30,PMT-00034831,1036.3,Visa,1030 · Merchant Clearing,EMR Payment | visa,00034831
CID-e33b20ef-8134-47c3-b27c-21d6b3641aa7,2025-04-30,PMT-00034832,311.76,Visa,1030 · Merchant Clearing,EMR Payment | visa,00034832
CID-18a5f300-4d2a-433b-87af-a47bfcca4b5f,2025-04-30,PMT-00034835,250.0,Visa,1030 · Merchant Clearing,EMR Payment | visa,00034835
CID-9b9d4704-d711-433a-b157-c12132061b34,2025-05-07,PMT-00034864,325.86,Visa,1030 · Merchant Clearing,EMR Payment | visa,00034864
CID-758d8199-2a94-424e-abeb-528d07cbdc9f,2025-05-07,PMT-00034867,135.59,Visa,1030 · Merchant Clearing,EMR Payment | visa,00034867
CID-5181f145-1ef7-4f50-9f49-f2e284c9b815,2025-05-07,PMT-00034868,522.72,Check,1030 · Merchant Clearing,EMR Payment | check,00034868
CID-b0e0d6c3-b781-4d5a-887d-5b2e0c61a8e8,2025-05-07,PMT-00034870,701.46,Visa,1030 · Merchant Clearing,EMR Payment | visa,00034870
CID-c2381412-c865-4bfe-8e7e-8a0fc1d0846a,2025-05-07,PMT-00034873,90.0,Visa,1030 · Merchant Clearing,EMR Payment | visa,00034873
CID-96ad8012-2940-470a-b989-00480b603b40,2025-05-07,PMT-00034874,549.4,Visa,1030 · Merchant Clearing,EMR Payment | visa,00034874
CID-88141eb1-2659-40d9-81ff-4820f4078c89,2025-05-07,PMT-00034875,6.0,Mastercard,1030 · Merchant Clearing,EMR Payment | mastercard,00034875
CID-5423b822-a8dd-462f-87d5-b4827d14dd3d,2025-05-07,PMT-00034878,6.0,Visa,1030 · Merchant Clearing,EMR Payment | visa,00034878
CID-0fe9c8be-eb31-403a-809e-544c23d66a1d,2025-05-07,PMT-00034880,350.0,Mastercard,1030 · Merchant Clearing,EMR Payment | mastercard,00034880
CID-37539981-0ad4-4cd0-bfdc-b1aa4e736d88,2025-05-07,PMT-00034882,559.98,Cash,1030 · Merchant Clearing,EMR Payment | cash,00034882
CID-99212a86-b8d0-4450-a839-40f4ff1aa87c,2025-05-07,PMT-00034883,481.34,Cash,1030 · Merchant Clearing,EMR Payment | cash,00034883
CID-d7819a16-2776-46bf-b71a-205e538ccbd3,2025-05-08,PMT-00034887,238.8,Visa,1030 · Merchant Clearing,EMR Payment | visa,00034887
CID-222e1dcd-45ae-408d-9680-d6823436a4a0,2025-05-09,PMT-00034892,374.0,Visa,1030 · Merchant Clearing,EMR Payment | visa,00034892
CID-c377116c-5d34-4ba8-96cb-739f406352fe,2025-05-09,PMT-00034893,198.0,Visa,1030 · Merchant Clearing,EMR Payment | visa,00034893
CID-e7e89980-eaaa-4531-bb6e-c9d655452215,2025-05-09,PMT-00034894,198.0,Visa,1030 · Merchant Clearing,EMR Payment | visa,00034894
CID-5fbcb40c-5a91-4ad3-b3f4-fcde60478b27,2025-05-09,PMT-00034897,484.0,Visa,1030 · Merchant Clearing,EMR Payment | visa,00034897
CID-b3e1e2fc-d357-4f82-a2e5-29172b66a579,2025-05-09,PMT-00034898,242.0,Visa,1030 · Merchant Clearing,EMR Payment | visa,00034898
CID-3b69592a-ebbc-4598-bc12-6abbd93c9d4b,2025-05-09,PMT-00034899,396.0,Cash,1030 · Merchant Clearing,EMR Payment | cash,00034899
CID-d42811d1-c0cb-491f-be8d-ce7a5682d22e,2025-05-09,PMT-00034900,198.0,Visa,1030 · Merchant Clearing,EMR Payment | visa,00034900
CID-532bd0ba-e9dd-4a19-8eea-92507f687945,2025-05-09,PMT-00034901,539.0,Cash,1030 · Merchant Clearing,EMR Payment | cash,00034901
CID-b66d1bcc-57c6-447e-bcb3-fbcac2892870,2025-05-09,PMT-00034902,261.0,Cash,1030 · Merchant Clearing,EMR Payment | cash,00034902
CID-b66d1bcc-57c6-447e-bcb3-fbcac2892870,2025-05-09,PMT-00034902,190.0,Visa,1030 · Merchant Clearing,EMR Payment | visa,00034902
CID-73545d86-9858-4a24-b767-b77cd256a2cf,2025-05-09,PMT-00034903,638.0,Cash,1030 · Merchant Clearing,EMR Payment | cash,00034903
CID-e615cdc9-fa0b-4791-8bb2-20e9e4bc336c,2025-05-10,PMT-00033798,726.0,Visa,1030 · Merchant Clearing,EMR Payment | visa,00033798
CID-16067430-9e34-4b66-adbe-2a99cad40580,2025-05-10,PMT-00034851,1023.0,Visa,1030 · Merchant Clearing,EMR Payment | visa,00034851
CID-ad564527-59cf-4c9e-918c-0bdb19c6510a,2025-05-14,PMT-00034905,700.0,Visa,1030 · Merchant Clearing,EMR Payment | visa,00034905
CID-170a470a-ad3e-47b9-869c-76b8151de2c6,2025-05-14,PMT-00034906,447.64,Visa,1030 · Merchant Clearing,EMR Payment | visa,00034906
CID-21e6f6ca-c37b-4f46-874d-7646206eb86c,2025-05-14,PMT-00034909,1649.18,Visa,1030 · Merchant Clearing,EMR Payment | visa,00034909
CID-2008b975-4d12-4f06-a420-1081cbee6b00,2025-05-14,PMT-00034911,1371.0,Visa,1030 · Merchant Clearing,EMR Payment | visa,00034911
CID-62d4b92e-a9ab-4bdb-b3c1-3b186032aaa1,2025-05-14,PMT-00034912,99.0,Visa,1030 · Merchant Clearing,EMR Payment | visa,00034912
CID-f38733cb-973e-4565-870a-f545a419f2ea,2025-05-14,PMT-00034913,630.0,Discover,1030 · Merchant Clearing,EMR Payment | discover,00034913
CID-5f8c864e-2534-474b-aedb-345c6f6249bf,2025-05-14,PMT-00034916,476.0,Visa,1030 · Merchant Clearing,EMR Payment | visa,00034916
CID-26bb29ec-0faf-4c9a-ace2-f2a9164c0318,2025-05-16,PMT-00034920,218.7,Mastercard,1030 · Merchant Clearing,EMR Payment | mastercard,00034920
CID-d7819a16-2776-46bf-b71a-205e538ccbd3,2025-05-16,PMT-00034922,90.0,Visa,1030 · Merchant Clearing,EMR Payment | visa,00034922
CID-dabecf0a-8a5d-4d1e-837a-2c25b32e65e9,2025-05-16,PMT-00034923,179.0,Cash,1030 · Merchant Clearing,EMR Payment | cash,00034923
CID-5d2c3c8d-a2c4-4f00-89cc-c1ea7ac625d4,2025-05-16,PMT-00034924,1521.1,Visa,1030 · Merchant Clearing,EMR Payment | visa,00034924
CID-a2a4741f-bced-45dc-8ea5-126b55e919a4,2025-05-16,PMT-00034926,400.0,Visa,1030 · Merchant Clearing,EMR Payment | visa,00034926
CID-adf165d7-c723-4e70-afcc-4bc4633de85b,2025-05-16,PMT-00034928,344.0,Amex,1030 · Merchant Clearing,EMR Payment | amex,00034928
CID-64930305-ad26-4af0-808e-8db324d7eed0,2025-05-16,PMT-00034929,675.0,Mastercard,1030 · Merchant Clearing,EMR Payment | mastercard,00034929
CID-a47dfe0f-d8aa-4025-b70c-59d64377c2a6,2025-05-16,PMT-00034930,617.83,Discover,1030 · Merchant Clearing,EMR Payment | discover,00034930
CID-5c5d3988-80d1-4dbf-a897-b8d796478856,2025-05-16,PMT-00034932,571.0,Visa,1030 · Merchant Clearing,EMR Payment | visa,00034932
CID-52b06965-e57d-4ab0-ac59-c1659cc6e668,2025-05-16,PMT-00034934,400.0,Visa,1030 · Merchant Clearing,EMR Payment | visa,00034934
CID-1f113736-236f-4de1-abc2-dc9e4d99f40d,2025-05-16,PMT-00034936,400.0,Cash,1030 · Merchant Clearing,EMR Payment | cash,00034936
CID-1b43abb7-f307-4bf4-ad11-55ca31c40d26,2025-05-18,PMT-00034939,600.0,Visa,1030 · Merchant Clearing,EMR Payment | visa,00034939
CID-1b43abb7-f307-4bf4-ad11-55ca31c40d26,2025-05-19,PMT-00032338,500.0,Visa,1030 · Merchant Clearing,EMR Payment | visa,00032338
CID-0129ac4f-c6cf-4ec5-acdd-99a2484f55b6,2025-05-20,PMT-00034809,261.96,Amex,1030 · Merchant Clearing,EMR Payment | amex,00034809
CID-9b9d4704-d711-433a-b157-c12132061b34,2025-05-20,PMT-00034946,147.62,Visa,1030 · Merchant Clearing,EMR Payment | visa,00034946
CID-bc9b9a2a-1cd4-4d34-8466-385180c0b8d4,2025-05-20,PMT-00034950,650.0,Cash,1030 · Merchant Clearing,EMR Payment | cash,00034950
CID-bc9b9a2a-1cd4-4d34-8466-385180c0b8d4,2025-05-20,PMT-00034950,148.37,Visa,1030 · Merchant Clearing,EMR Payment | visa,00034950
CID-5b77bacc-9f83-4327-871b-a72dd1460703,2025-05-20,PMT-00034952,598.0,Cash,1030 · Merchant Clearing,EMR Payment | cash,00034952
CID-04dd2620-2c9b-4da3-8d25-dedb6ae947a3,2025-05-20,PMT-00034954,136.0,Mastercard,1030 · Merchant Clearing,EMR Payment | mastercard,00034954
CID-5423b822-a8dd-462f-87d5-b4827d14dd3d,2025-05-20,PMT-00034955,366.0,Mastercard,1030 · Merchant Clearing,EMR Payment | mastercard,00034955
CID-81fd5a7f-88f7-4636-b3ab-ff6ea87fa0bb,2025-05-23,PMT-00034964,500.0,Mastercard,1030 · Merchant Clearing,EMR Payment | mastercard,00034964
CID-81fd5a7f-88f7-4636-b3ab-ff6ea87fa0bb,2025-05-23,PMT-00034965,179.0,Mastercard,1030 · Merchant Clearing,EMR Payment | mastercard,00034965
CID-e86cb3c6-4164-4fa1-8273-aef2570517ad,2025-05-26,PMT-00034953,345.0,Cash,1030 · Merchant Clearing,EMR Payment | cash,00034953
CID-e86cb3c6-4164-4fa1-8273-aef2570517ad,2025-05-26,PMT-00034968,135.59,Amex,1030 · Merchant Clearing,EMR Payment | amex,00034968
CID-3b0fc73f-217c-4daf-a742-cb098ddb5a47,2025-05-26,PMT-00034969,500.0,Mastercard,1030 · Merchant Clearing,EMR Payment | mastercard,00034969
CID-3b0fc73f-217c-4daf-a742-cb098ddb5a47,2025-05-26,PMT-00034973,500.0,Mastercard,1030 · Merchant Clearing,EMR Payment | mastercard,00034973
CID-693d6eb3-28a6-46b6-82e2-968a0ac276a4,2025-05-28,PMT-00034908,867.36,Cash,1030 · Merchant Clearing,EMR Payment | cash,00034908
CID-96ca49e3-5c64-4515-8605-957d89bee0fc,2025-05-28,PMT-00034921,500.0,Visa,1030 · Merchant Clearing,EMR Payment | visa,00034921
CID-a145532a-5e68-4f14-95b9-ec9011b2741e,2025-05-28,PMT-00034981,400.0,Cash,1030 · Merchant Clearing,EMR Payment | cash,00034981
CID-2b5f16b7-b5a2-4b78-8acb-695eb94e0e29,2025-05-28,PMT-00034983,1147.86,Visa,1030 · Merchant Clearing,EMR Payment | visa,00034983
CID-a095a1df-e9a0-4b9b-938d-65eeda01bb11,2025-05-28,PMT-00034984,328.05,Cash,1030 · Merchant Clearing,EMR Payment | cash,00034984
CID-5aac4278-8e03-41b6-8150-4a826b7f69d5,2025-05-28,PMT-00034985,520.0,Visa,1030 · Merchant Clearing,EMR Payment | visa,00034985
CID-88141eb1-2659-40d9-81ff-4820f4078c89,2025-05-28,PMT-00034988,488.0,Mastercard,1030 · Merchant Clearing,EMR Payment | mastercard,00034988
CID-532bd0ba-e9dd-4a19-8eea-92507f687945,2025-05-28,PMT-00034992,179.98,Visa,1030 · Merchant Clearing,EMR Payment | visa,00034992
CID-fe21f5a8-9e2c-45e6-bf65-9cbfd63b9d7c,2025-05-29,PMT-00034994,172.8,Visa,1030 · Merchant Clearing,EMR Payment | visa,00034994
CID-84f8d10f-708e-45a4-86c1-759e2680c397,2025-05-29,PMT-00034995,506.0,Mastercard,1030 · Merchant Clearing,EMR Payment | mastercard,00034995
CID-5d2c3c8d-a2c4-4f00-89cc-c1ea7ac625d4,2025-05-30,PMT-00034999,680.0,Visa,1030 · Merchant Clearing,EMR Payment | visa,00034999
CID-315c4cca-7be4-4d1b-b3bb-4a74846ea5a9,2025-05-30,PMT-00035000,383.45,Visa,1030 · Merchant Clearing,EMR Payment | visa,00035000
CID-8114a540-9e8f-4512-a89c-48784f09fd15,2025-05-30,PMT-00035003,550.57,Visa,1030 · Merchant Clearing,EMR Payment | visa,00035003
CID-c3e10938-bf12-4d72-9285-3f1f54e8aad2,2025-05-30,PMT-00035004,487.0,Visa,1030 · Merchant Clearing,EMR Payment | visa,00035004
CID-e17bac5a-2eaa-4c71-8540-01943f5b5848,2025-05-30,PMT-00035006,75.0,Visa,1030 · Merchant Clearing,EMR Payment | visa,00035006
CID-2505dc61-1af0-46c8-81f1-8e5adb466cf2,2025-05-30,PMT-00035007,75.0,Visa,1030 · Merchant Clearing,EMR Payment | visa,00035007
CID-87fe7b87-5962-4433-a828-616574d70b2f,2025-06-04,PMT-00034837,500.0,Mastercard,1030 · Merchant Clearing,EMR Payment | mastercard,00034837
CID-a145532a-5e68-4f14-95b9-ec9011b2741e,2025-06-04,PMT-00034958,367.91,Cash,1030 · Merchant Clearing,EMR Payment | cash,00034958
CID-81fd5a7f-88f7-4636-b3ab-ff6ea87fa0bb,2025-06-04,PMT-00036015,549.4,Mastercard,1030 · Merchant Clearing,EMR Payment | mastercard,00036015
CID-f0c1c032-3b09-4465-941b-e32f5d43397b,2025-06-04,PMT-00036016,149.0,Visa,1030 · Merchant Clearing,EMR Payment | visa,00036016
CID-71b5dbdb-3006-4972-87da-68b9f9d29f86,2025-06-04,PMT-00036018,1085.03,Visa,1030 · Merchant Clearing,EMR Payment | visa,00036018
CID-87fe7b87-5962-4433-a828-616574d70b2f,2025-06-04,PMT-00036024,500.0,Visa,1030 · Merchant Clearing,EMR Payment | visa,00036024
CID-944df936-b013-4571-b78b-6841162c81ae,2025-06-04,PMT-00036025,712.99,Cash,1030 · Merchant Clearing,EMR Payment | cash,00036025
CID-6aba4ea7-0b7b-47d0-a30a-703a66e47887,2025-06-04,PMT-00036029,903.0,Amex,1030 · Merchant Clearing,EMR Payment | amex,00036029
CID-f3419cdc-142d-4010-ae9a-4d1aa76d8e8d,2025-06-05,PMT-00036036,207.77,Visa,1030 · Merchant Clearing,EMR Payment | visa,00036036
CID-b9d04286-fee1-499a-b31a-a13c1a3e616f,2025-06-06,PMT-00034970,250.0,Visa,1030 · Merchant Clearing,EMR Payment | visa,00034970
CID-84f8d10f-708e-45a4-86c1-759e2680c397,2025-06-06,PMT-00036042,1454.0,Mastercard,1030 · Merchant Clearing,EMR Payment | mastercard,00036042
CID-bc9b9a2a-1cd4-4d34-8466-385180c0b8d4,2025-06-06,PMT-00036046,207.77,Visa,1030 · Merchant Clearing,EMR Payment | visa,00036046
CID-2844b897-1fd7-4d90-9253-2710b31c0378,2025-06-06,PMT-00036047,713.42,Visa,1030 · Merchant Clearing,EMR Payment | visa,00036047
CID-328fe137-c6e7-4f49-8da7-83d975cf3c38,2025-06-06,PMT-00036050,546.0,Visa,1030 · Merchant Clearing,EMR Payment | visa,00036050
CID-8ee0b25e-b8cc-4828-8c6d-cbe0ff2eba5e,2025-06-06,PMT-00036052,462.55,Visa,1030 · Merchant Clearing,EMR Payment | visa,00036052
CID-72e74015-dd32-4f67-a0d1-ac21c1506858,2025-06-09,PMT-00036043,100.0,Mastercard,1030 · Merchant Clearing,EMR Payment | mastercard,00036043
CID-5d2c3c8d-a2c4-4f00-89cc-c1ea7ac625d4,2025-06-11,PMT-00035008,500.0,Visa,1030 · Merchant Clearing,EMR Payment | visa,00035008
CID-8ee0b25e-b8cc-4828-8c6d-cbe0ff2eba5e,2025-06-11,PMT-00036065,1909.1,Visa,1030 · Merchant Clearing,EMR Payment | visa,00036065
CID-5f66c0bb-a585-45df-b553-216dcbb4c335,2025-06-11,PMT-00036069,630.0,Visa,1030 · Merchant Clearing,EMR Payment | visa,00036069
CID-b8b35095-6079-41e5-85e6-469119bbf393,2025-06-11,PMT-00036073,538.57,Visa,1030 · Merchant Clearing,EMR Payment | visa,00036073
CID-d24335b1-c943-476e-9762-ff98ad9af1e9,2025-06-13,PMT-00036082,279.93,Visa,1030 · Merchant Clearing,EMR Payment | visa,00036082
CID-3d3d0eb4-c5e2-4dc8-ae91-0e1fc03e28f8,2025-06-13,PMT-00036083,144.34,Mastercard,1030 · Merchant Clearing,EMR Payment | mastercard,00036083
CID-3d3d0eb4-c5e2-4dc8-ae91-0e1fc03e28f8,2025-06-13,PMT-00036084,590.53,Visa,1030 · Merchant Clearing,EMR Payment | visa,00036084
CID-c3e10938-bf12-4d72-9285-3f1f54e8aad2,2025-06-13,PMT-00036087,174.96,Visa,1030 · Merchant Clearing,EMR Payment | visa,00036087
CID-cc6ba952-9754-42e5-8d88-974dc2b95dbe,2025-06-13,PMT-00036089,59.49,Visa,1030 · Merchant Clearing,EMR Payment | visa,00036089
CID-698c2365-350a-40c1-9707-e8d2f96aa349,2025-06-13,PMT-00036091,110.0,Visa,1030 · Merchant Clearing,EMR Payment | visa,00036091
CID-1b43abb7-f307-4bf4-ad11-55ca31c40d26,2025-06-17,PMT-00036104,600.0,Visa,1030 · Merchant Clearing,EMR Payment | visa,00036104
CID-a2a4741f-bced-45dc-8ea5-126b55e919a4,2025-06-18,PMT-00036108,280.0,Mastercard,1030 · Merchant Clearing,EMR Payment | mastercard,00036108
CID-a2a4741f-bced-45dc-8ea5-126b55e919a4,2025-06-18,PMT-00036108,370.0,Visa,1030 · Merchant Clearing,EMR Payment | visa,00036108
CID-f2fb25ee-0d7e-42bb-94da-01fc2ba9d399,2025-06-18,PMT-00036112,809.0,Amex,1030 · Merchant Clearing,EMR Payment | amex,00036112
CID-0fe9c8be-eb31-403a-809e-544c23d66a1d,2025-06-18,PMT-00036115,306.18,Mastercard,1030 · Merchant Clearing,EMR Payment | mastercard,00036115
CID-a47dfe0f-d8aa-4025-b70c-59d64377c2a6,2025-06-18,PMT-00036118,104.98,Discover,1030 · Merchant Clearing,EMR Payment | discover,00036118
CID-9701f4a9-f157-4945-8289-144d52196dac,2025-06-20,PMT-00036125,408.67,Visa,1030 · Merchant Clearing,EMR Payment | visa,00036125
CID-98207005-a454-4431-96f6-04c1ea434ef7,2025-06-20,PMT-00036126,346.0,Visa,1030 · Merchant Clearing,EMR Payment | visa,00036126
CID-4800f361-caef-4ce0-b523-b2214ca1d848,2025-06-20,PMT-00036127,350.0,Amex,1030 · Merchant Clearing,EMR Payment | amex,00036127
CID-79f68567-8ef6-4f2f-809f-f40377cf159e,2025-06-20,PMT-00036132,64.52,Cash,1030 · Merchant Clearing,EMR Payment | cash,00036132
CID-f311da5b-16d9-4b9b-a45a-f0219b1badfa,2025-06-21,PMT-00036134,132.0,Cash,1030 · Merchant Clearing,EMR Payment | cash,00036134
CID-8b0da0a9-d9f6-457d-a199-60b2def6ebe2,2025-06-24,PMT-00036117,341.17,Mastercard,1030 · Merchant Clearing,EMR Payment | mastercard,00036117
CID-2008b975-4d12-4f06-a420-1081cbee6b00,2025-06-24,PMT-00036133,250.0,Cash,1030 · Merchant Clearing,EMR Payment | cash,00036133
CID-9b9d4704-d711-433a-b157-c12132061b34,2025-06-24,PMT-00036141,194.0,Visa,1030 · Merchant Clearing,EMR Payment | visa,00036141
CID-9b9d4704-d711-433a-b157-c12132061b34,2025-06-24,PMT-00036142,24.06,Visa,1030 · Merchant Clearing,EMR Payment | visa,00036142
CID-fe21f5a8-9e2c-45e6-bf65-9cbfd63b9d7c,2025-06-25,PMT-00036080,500.0,Visa,1030 · Merchant Clearing,EMR Payment | visa,00036080
CID-d387ff75-08c5-4ac1-a6a4-775556ece99f,2025-06-25,PMT-00036151,87.48,Visa,1030 · Merchant Clearing,EMR Payment | visa,00036151
CID-c242f969-2db5-4ddc-9f86-5809501cea53,2025-06-25,PMT-00036152,84.0,Amex,1030 · Merchant Clearing,EMR Payment | amex,00036152
CID-150185de-f1ed-42c5-b8b0-6b52e4719c37,2025-06-25,PMT-00036154,546.0,Visa,1030 · Merchant Clearing,EMR Payment | visa,00036154
CID-1d9253a4-f27b-4675-8837-05d56b7e6e7d,2025-06-25,PMT-00036156,383.0,Mastercard,1030 · Merchant Clearing,EMR Payment | mastercard,00036156
CID-88141eb1-2659-40d9-81ff-4820f4078c89,2025-06-26,PMT-00036159,184.0,Amex,1030 · Merchant Clearing,EMR Payment | amex,00036159
CID-81fd5a7f-88f7-4636-b3ab-ff6ea87fa0bb,2025-06-27,PMT-00036166,500.0,Mastercard,1030 · Merchant Clearing,EMR Payment | mastercard,00036166
CID-3b0fc73f-217c-4daf-a742-cb098ddb5a47,2025-06-27,PMT-00036168,500.0,Mastercard,1030 · Merchant Clearing,EMR Payment | mastercard,00036168
CID-b8b35095-6079-41e5-85e6-469119bbf393,2025-06-27,PMT-00036170,282.12,Visa,1030 · Merchant Clearing,EMR Payment | visa,00036170
CID-d7819a16-2776-46bf-b71a-205e538ccbd3,2025-06-27,PMT-00036171,110.0,Visa,1030 · Merchant Clearing,EMR Payment | visa,00036171
CID-c0d05d0b-749f-47bc-8df7-86274a1cda7a,2025-06-27,PMT-00036172,84.0,Visa,1030 · Merchant Clearing,EMR Payment | visa,00036172
CID-3b0fc73f-217c-4daf-a742-cb098ddb5a47,2025-06-27,PMT-00036175,500.0,Mastercard,1030 · Merchant Clearing,EMR Payment | mastercard,00036175
CID-55833f13-6798-4e8b-9854-4ff64bd4ca89,2025-06-27,PMT-00036178,498.06,Mastercard,1030 · Merchant Clearing,EMR Payment | mastercard,00036178
CID-5e69d0ba-f7ea-4e2c-8324-3f68d945054a,2025-06-30,PMT-00036183,1026.0,Visa,1030 · Merchant Clearing,EMR Payment | visa,00036183
CID-f5a0e38c-152f-49e7-979e-d2f5f54fab3b,2025-07-01,PMT-00032540,280.0,Cash,1030 · Merchant Clearing,EMR Payment | cash,00032540
CID-cc6ba952-9754-42e5-8d88-974dc2b95dbe,2025-07-01,PMT-00037189,262.8,Visa,1030 · Merchant Clearing,EMR Payment | visa,00037189
CID-cc6ba952-9754-42e5-8d88-974dc2b95dbe,2025-07-01,PMT-00037190,202.3,Visa,1030 · Merchant Clearing,EMR Payment | visa,00037190
CID-8aa02dfc-2c90-4c9f-b3ca-391003318c3e,2025-07-01,PMT-00037195,179.0,Check,1030 · Merchant Clearing,EMR Payment | check,00037195
CID-e86cb3c6-4164-4fa1-8273-aef2570517ad,2025-07-01,PMT-00037197,349.0,Cash,1030 · Merchant Clearing,EMR Payment | cash,00037197
CID-f5a0e38c-152f-49e7-979e-d2f5f54fab3b,2025-07-01,PMT-00037198,35.0,Cash,1030 · Merchant Clearing,EMR Payment | cash,00037198
CID-f5a0e38c-152f-49e7-979e-d2f5f54fab3b,2025-07-01,PMT-00037200,35.0,Cash,1030 · Merchant Clearing,EMR Payment | cash,00037200
CID-5a743176-1616-4a31-a726-ae8d39f4cbb1,2025-07-01,PMT-00037201,35.0,Cash,1030 · Merchant Clearing,EMR Payment | cash,00037201
CID-2793f9e6-1ee8-463e-a4b9-29c1fcc7db21,2025-07-02,PMT-00037194,149.0,Discover,1030 · Merchant Clearing,EMR Payment | discover,00037194
CID-0d4dd0d3-1192-49f5-99be-12f6e416650c,2025-07-02,PMT-00037202,123.0,Visa,1030 · Merchant Clearing,EMR Payment | visa,00037202
CID-79d7c384-dbca-4bd2-ae77-44486a67d998,2025-07-02,PMT-00037203,367.7,Visa,1030 · Merchant Clearing,EMR Payment | visa,00037203
CID-315c4cca-7be4-4d1b-b3bb-4a74846ea5a9,2025-07-02,PMT-00037204,129.04,Visa,1030 · Merchant Clearing,EMR Payment | visa,00037204
CID-a2a4741f-bced-45dc-8ea5-126b55e919a4,2025-07-02,PMT-00037205,38.0,Visa,1030 · Merchant Clearing,EMR Payment | visa,00037205
CID-a2a4741f-bced-45dc-8ea5-126b55e919a4,2025-07-02,PMT-00037205,40.0,Visa,1030 · Merchant Clearing,EMR Payment | visa,00037205
CID-698c2365-350a-40c1-9707-e8d2f96aa349,2025-07-02,PMT-00037207,175.0,Visa,1030 · Merchant Clearing,EMR Payment | visa,00037207
CID-850eed8e-993b-4957-8f7b-60ec78ad6f07,2025-07-02,PMT-00037210,670.0,Visa,1030 · Merchant Clearing,EMR Payment | visa,00037210
CID-07f9ee67-3dd4-4491-9206-fb9a0920bca2,2025-07-02,PMT-00037211,617.0,Visa,1030 · Merchant Clearing,EMR Payment | visa,00037211
CID-35c3a4fc-ff6b-4aae-8566-704bd3e16a94,2025-07-02,PMT-00037213,494.0,Amex,1030 · Merchant Clearing,EMR Payment | amex,00037213
CID-a55d9dd7-8794-4ded-abbe-8eec0ff331f8,2025-07-02,PMT-00037215,689.0,Visa,1030 · Merchant Clearing,EMR Payment | visa,00037215
CID-f311da5b-16d9-4b9b-a45a-f0219b1badfa,2025-07-05,PMT-00037219,123.0,Cash,1030 · Merchant Clearing,EMR Payment | cash,00037219
CID-dfe3ba2e-ec3b-4d42-a904-93df6fe8fe20,2025-07-06,PMT-00037230,530.0,Cash,1030 · Merchant Clearing,EMR Payment | cash,00037230
CID-3eca3e9f-ed92-4d48-88d7-1c5a39ca2095,2025-07-09,PMT-00038234,360.0,Cash,1030 · Merchant Clearing,EMR Payment | cash,00038234
CID-3eca3e9f-ed92-4d48-88d7-1c5a39ca2095,2025-07-09,PMT-00038234,164.93,Visa,1030 · Merchant Clearing,EMR Payment | visa,00038234
CID-c2381412-c865-4bfe-8e7e-8a0fc1d0846a,2025-07-09,PMT-00038237,357.0,Visa,1030 · Merchant Clearing,EMR Payment | visa,00038237
CID-f8ab3a44-1bb6-4643-81ab-4d1f7069075f,2025-07-09,PMT-00038238,1400.0,Cash,1030 · Merchant Clearing,EMR Payment | cash,00038238
CID-f8ab3a44-1bb6-4643-81ab-4d1f7069075f,2025-07-09,PMT-00038238,62.0,Visa,1030 · Merchant Clearing,EMR Payment | visa,00038238
CID-5ee303d5-6ca4-4c6c-806d-04744b7552dc,2025-07-09,PMT-00038239,617.0,Visa,1030 · Merchant Clearing,EMR Payment | visa,00038239
CID-863dd62c-e16c-4464-a90f-b2eb44c06ace,2025-07-09,PMT-00038240,565.0,Visa,1030 · Merchant Clearing,EMR Payment | visa,00038240
CID-7a63c954-e1ee-417b-bb99-c460d8eded26,2025-07-09,PMT-00038241,532.59,Amex,1030 · Merchant Clearing,EMR Payment | amex,00038241
CID-c3e10938-bf12-4d72-9285-3f1f54e8aad2,2025-07-09,PMT-00038243,199.56,Visa,1030 · Merchant Clearing,EMR Payment | visa,00038243
CID-01a2d0fa-38eb-421f-b283-7b360f629a52,2025-07-09,PMT-00038245,312.0,Visa,1030 · Merchant Clearing,EMR Payment | visa,00038245
CID-52b06965-e57d-4ab0-ac59-c1659cc6e668,2025-07-09,PMT-00038249,400.0,Visa,1030 · Merchant Clearing,EMR Payment | visa,00038249
CID-ff964ee0-4b07-4770-b099-edd5fffb4c15,2025-07-09,PMT-00038250,324.0,Visa,1030 · Merchant Clearing,EMR Payment | visa,00038250
CID-f636581c-8b20-4756-bf21-269674811598,2025-07-09,PMT-00038252,66.0,Cash,1030 · Merchant Clearing,EMR Payment | cash,00038252
CID-c242f969-2db5-4ddc-9f86-5809501cea53,2025-07-10,PMT-00038254,175.82,Visa,1030 · Merchant Clearing,EMR Payment | visa,00038254
CID-6e373f52-ccce-479c-bc8b-039d44b023dc,2025-07-11,PMT-00038262,494.0,Discover,1030 · Merchant Clearing,EMR Payment | discover,00038262
CID-315c4cca-7be4-4d1b-b3bb-4a74846ea5a9,2025-07-11,PMT-00038264,168.95,Visa,1030 · Merchant Clearing,EMR Payment | visa,00038264
CID-37ec8873-53cd-4cca-88e6-b4da2c14c94f,2025-07-11,PMT-00038265,564.55,Visa,1030 · Merchant Clearing,EMR Payment | visa,00038265
CID-ae914449-c410-4eff-b3a9-7499202d6e01,2025-07-11,PMT-00038267,753.42,Discover,1030 · Merchant Clearing,EMR Payment | discover,00038267
CID-f7091bb4-1deb-4cf3-bf40-5dee8b113b57,2025-07-11,PMT-00038268,655.48,Visa,1030 · Merchant Clearing,EMR Payment | visa,00038268
CID-63dd5c33-66dc-468f-8375-c098d665b9f2,2025-07-11,PMT-00038273,158.0,Cash,1030 · Merchant Clearing,EMR Payment | cash,00038273
CID-63dd5c33-66dc-468f-8375-c098d665b9f2,2025-07-11,PMT-00038273,119.0,Mastercard,1030 · Merchant Clearing,EMR Payment | mastercard,00038273
CID-e7a2606c-9a03-4e2d-b54e-8d2aa13e8bb2,2025-07-11,PMT-00038274,737.0,Visa,1030 · Merchant Clearing,EMR Payment | visa,00038274
CID-a5b66bfc-8447-4582-b340-bff0f4e78af7,2025-07-11,PMT-00038275,466.0,Visa,1030 · Merchant Clearing,EMR Payment | visa,00038275
CID-553c4e88-713f-404b-aa1c-5d97363b1739,2025-07-11,PMT-00038276,279.94,Visa,1030 · Merchant Clearing,EMR Payment | visa,00038276
CID-4badf727-a203-41ef-99f0-72e713a1450a,2025-07-11,PMT-00038277,387.0,Cash,1030 · Merchant Clearing,EMR Payment | cash,00038277
CID-d4661f4c-fafc-4106-98ec-8bef1f4bb9c6,2025-07-11,PMT-00038278,459.9,Cash,1030 · Merchant Clearing,EMR Payment | cash,00038278
CID-8a7efebc-36ec-41ba-9b5b-cc05d233e027,2025-07-11,PMT-00038279,502.69,Cash,1030 · Merchant Clearing,EMR Payment | cash,00038279
CID-e86cb3c6-4164-4fa1-8273-aef2570517ad,2025-07-11,PMT-00038281,81.0,Cash,1030 · Merchant Clearing,EMR Payment | cash,00038281
CID-619860c1-7233-45a1-930b-94c82f8c9eb4,2025-07-14,PMT-00038258,209.95,Visa,1030 · Merchant Clearing,EMR Payment | visa,00038258
CID-425bc7d4-bc3c-4ed7-b692-c724050545fa,2025-07-14,PMT-00038284,297.0,Cash,1030 · Merchant Clearing,EMR Payment | cash,00038284
CID-87fe7b87-5962-4433-a828-616574d70b2f,2025-07-15,PMT-00038287,500.0,Visa,1030 · Merchant Clearing,EMR Payment | visa,00038287
CID-cc6ba952-9754-42e5-8d88-974dc2b95dbe,2025-07-15,PMT-00038294,127.94,Visa,1030 · Merchant Clearing,EMR Payment | visa,00038294
CID-698c2365-350a-40c1-9707-e8d2f96aa349,2025-07-15,PMT-00038296,240.0,Visa,1030 · Merchant Clearing,EMR Payment | visa,00038296
CID-d7b96e6c-bad5-4412-af08-2de57fbce0a6,2025-07-16,PMT-00038304,447.64,Visa,1030 · Merchant Clearing,EMR Payment | visa,00038304
CID-52b06965-e57d-4ab0-ac59-c1659cc6e668,2025-07-16,PMT-00038306,1198.0,Visa,1030 · Merchant Clearing,EMR Payment | visa,00038306
CID-315c4cca-7be4-4d1b-b3bb-4a74846ea5a9,2025-07-16,PMT-00038308,179.0,Visa,1030 · Merchant Clearing,EMR Payment | visa,00038308
CID-315c4cca-7be4-4d1b-b3bb-4a74846ea5a9,2025-07-16,PMT-00038310,56.86,Visa,1030 · Merchant Clearing,EMR Payment | visa,00038310
CID-39518f2e-1bcc-42bf-888b-0cccabab3554,2025-07-16,PMT-00038320,578.0,Visa,1030 · Merchant Clearing,EMR Payment | visa,00038320
CID-85300c52-1449-4b0f-805a-01f527071309,2025-07-16,PMT-00038322,79.0,Cash,1030 · Merchant Clearing,EMR Payment | cash,00038322
CID-35c3a4fc-ff6b-4aae-8566-704bd3e16a94,2025-07-17,PMT-00038326,171.35,Amex,1030 · Merchant Clearing,EMR Payment | amex,00038326
CID-18a5f300-4d2a-433b-87af-a47bfcca4b5f,2025-07-24,PMT-00036149,250.0,Visa,1030 · Merchant Clearing,EMR Payment | visa,00036149
CID-a145532a-5e68-4f14-95b9-ec9011b2741e,2025-07-24,PMT-00038341,50.0,Cash,1030 · Merchant Clearing,EMR Payment | cash,00038341
CID-79f68567-8ef6-4f2f-809f-f40377cf159e,2025-07-24,PMT-00038342,50.0,Cash,1030 · Merchant Clearing,EMR Payment | cash,00038342
CID-1b43abb7-f307-4bf4-ad11-55ca31c40d26,2025-07-24,PMT-00038343,600.0,Visa,1030 · Merchant Clearing,EMR Payment | visa,00038343
CID-fe21f5a8-9e2c-45e6-bf65-9cbfd63b9d7c,2025-07-24,PMT-00038346,500.0,Visa,1030 · Merchant Clearing,EMR Payment | visa,00038346
CID-5d2c3c8d-a2c4-4f00-89cc-c1ea7ac625d4,2025-07-24,PMT-00038347,500.0,Visa,1030 · Merchant Clearing,EMR Payment | visa,00038347
CID-e86cb3c6-4164-4fa1-8273-aef2570517ad,2025-07-26,PMT-00038356,441.77,Cash,1030 · Merchant Clearing,EMR Payment | cash,00038356
CID-955941e1-b252-4059-9280-a8c3c977f62f,2025-07-26,PMT-00038358,201.2,Discover,1030 · Merchant Clearing,EMR Payment | discover,00038358
CID-85564123-eebe-4c08-be72-1ad3c7a80d33,2025-07-27,PMT-00038354,54.68,Mastercard,1030 · Merchant Clearing,EMR Payment | mastercard,00038354
CID-00268c85-a913-4110-b37d-1691c72012db,2025-07-29,PMT-00038337,611.0,Visa,1030 · Merchant Clearing,EMR Payment | visa,00038337
CID-9baa4f2e-4d8e-4e93-9567-fc874a14f99f,2025-07-29,PMT-00038340,200.0,Cash,1030 · Merchant Clearing,EMR Payment | cash,00038340
CID-62d4b92e-a9ab-4bdb-b3c1-3b186032aaa1,2025-07-29,PMT-00038362,801.54,Visa,1030 · Merchant Clearing,EMR Payment | visa,00038362
CID-55833f13-6798-4e8b-9854-4ff64bd4ca89,2025-07-29,PMT-00038371,480.9,Mastercard,1030 · Merchant Clearing,EMR Payment | mastercard,00038371
CID-c0d05d0b-749f-47bc-8df7-86274a1cda7a,2025-07-30,PMT-00038289,250.0,Visa,1030 · Merchant Clearing,EMR Payment | visa,00038289
CID-96ca49e3-5c64-4515-8605-957d89bee0fc,2025-07-30,PMT-00038349,500.0,Visa,1030 · Merchant Clearing,EMR Payment | visa,00038349
CID-f5a8c813-ffcf-4ceb-958c-1e6975912cc6,2025-07-30,PMT-00038372,682.0,Visa,1030 · Merchant Clearing,EMR Payment | visa,00038372
CID-79658e05-ec85-4c39-8d37-c53c4742bcfc,2025-07-30,PMT-00038377,1100.0,Visa,1030 · Merchant Clearing,EMR Payment | visa,00038377
CID-2ca51d9c-b160-40c0-8e5d-248191a0d04e,2025-07-30,PMT-00038381,869.54,Discover,1030 · Merchant Clearing,EMR Payment | discover,00038381
CID-5ee303d5-6ca4-4c6c-806d-04744b7552dc,2025-07-30,PMT-00038383,256.0,Visa,1030 · Merchant Clearing,EMR Payment | visa,00038383
CID-bced6a0e-0879-4ffc-95ea-c347223fe3b5,2025-07-30,PMT-00038384,181.0,Visa,1030 · Merchant Clearing,EMR Payment | visa,00038384
CID-5d965ce6-acc6-4762-870a-c2a6aa819343,2025-07-30,PMT-00038386,635.52,Visa,1030 · Merchant Clearing,EMR Payment | visa,00038386
CID-0ecb2d62-9543-4b24-bf64-79e6e59ae3fa,2025-07-30,PMT-00038390,1024.0,Visa,1030 · Merchant Clearing,EMR Payment | visa,00038390
CID-9bfbf88b-1ed6-4489-b55a-bb2dc802f573,2025-07-30,PMT-00038392,550.0,Discover,1030 · Merchant Clearing,EMR Payment | discover,00038392
CID-6702505c-9a58-4e19-84e8-f8d95434f49b,2025-08-01,PMT-00038374,480.0,Visa,1030 · Merchant Clearing,EMR Payment | visa,00038374
CID-b6dd7bd2-f305-408d-9567-8052ec50c678,2025-08-01,PMT-00038400,542.0,Mastercard,1030 · Merchant Clearing,EMR Payment | mastercard,00038400
CID-77656f52-d700-4061-91b8-96b42a4645cf,2025-08-01,PMT-00038402,514.0,Visa,1030 · Merchant Clearing,EMR Payment | visa,00038402
CID-5aac4278-8e03-41b6-8150-4a826b7f69d5,2025-08-01,PMT-00038409,630.0,Visa,1030 · Merchant Clearing,EMR Payment | visa,00038409
CID-fc88691a-76b0-4d49-b452-d5b989f11b6e,2025-08-01,PMT-00038410,224.17,Visa,1030 · Merchant Clearing,EMR Payment | visa,00038410
CID-fc88691a-76b0-4d49-b452-d5b989f11b6e,2025-08-01,PMT-00038411,300.0,Cash,1030 · Merchant Clearing,EMR Payment | cash,00038411
CID-fc88691a-76b0-4d49-b452-d5b989f11b6e,2025-08-01,PMT-00038411,200.0,Visa,1030 · Merchant Clearing,EMR Payment | visa,00038411
CID-1bd105e5-87d8-4749-b6be-c4bf9520a03c,2025-08-04,PMT-00038335,650.0,Mastercard,1030 · Merchant Clearing,EMR Payment | mastercard,00038335
CID-3b0fc73f-217c-4daf-a742-cb098ddb5a47,2025-08-04,PMT-00038425,500.0,Mastercard,1030 · Merchant Clearing,EMR Payment | mastercard,00038425
CID-3b0fc73f-217c-4daf-a742-cb098ddb5a47,2025-08-04,PMT-00038427,500.0,Mastercard,1030 · Merchant Clearing,EMR Payment | mastercard,00038427
CID-bbca47d4-562c-4c64-a37d-31441cccec87,2025-08-06,PMT-00038438,79.0,Mastercard,1030 · Merchant Clearing,EMR Payment | mastercard,00038438
CID-f2c31ed8-afe8-496c-87e6-956b042e0cc8,2025-08-06,PMT-00038439,614.0,Amex,1030 · Merchant Clearing,EMR Payment | amex,00038439
CID-f3419cdc-142d-4010-ae9a-4d1aa76d8e8d,2025-08-06,PMT-00038441,1000.01,Visa,1030 · Merchant Clearing,EMR Payment | visa,00038441
CID-87fe7b87-5962-4433-a828-616574d70b2f,2025-08-06,PMT-00038443,1430.0,Visa,1030 · Merchant Clearing,EMR Payment | visa,00038443
CID-f2fb25ee-0d7e-42bb-94da-01fc2ba9d399,2025-08-06,PMT-00038444,545.0,Amex,1030 · Merchant Clearing,EMR Payment | amex,00038444
CID-71b5dbdb-3006-4972-87da-68b9f9d29f86,2025-08-07,PMT-00038447,304.42,Visa,1030 · Merchant Clearing,EMR Payment | visa,00038447
CID-c242f969-2db5-4ddc-9f86-5809501cea53,2025-08-07,PMT-00038449,415.94,Mastercard,1030 · Merchant Clearing,EMR Payment | mastercard,00038449
CID-170a470a-ad3e-47b9-869c-76b8151de2c6,2025-08-08,PMT-00038452,577.54,Visa,1030 · Merchant Clearing,EMR Payment | visa,00038452
CID-a6175439-cd34-41fb-af40-13ae5af4b3b0,2025-08-08,PMT-00038458,608.0,Visa,1030 · Merchant Clearing,EMR Payment | visa,00038458
CID-278d2a51-8c12-4f6e-a7b3-502d7bf2ddaa,2025-08-08,PMT-00038459,577.54,Visa,1030 · Merchant Clearing,EMR Payment | visa,00038459
CID-b9a895fa-4d2a-475c-bfad-32a6f38e305a,2025-08-08,PMT-00038461,370.0,Mastercard,1030 · Merchant Clearing,EMR Payment | mastercard,00038461
CID-d7a1a5f0-d29f-48e5-abe4-03126dcedc42,2025-08-12,PMT-00038433,647.82,Amex,1030 · Merchant Clearing,EMR Payment | amex,00038433
CID-59a04f50-5cb2-4ed5-ad16-2528bc275de8,2025-08-12,PMT-00038451,162.0,Discover,1030 · Merchant Clearing,EMR Payment | discover,00038451
CID-52b06965-e57d-4ab0-ac59-c1659cc6e668,2025-08-12,PMT-00038465,400.0,Visa,1030 · Merchant Clearing,EMR Payment | visa,00038465
CID-8ee0b25e-b8cc-4828-8c6d-cbe0ff2eba5e,2025-08-12,PMT-00038466,2358.69,Visa,1030 · Merchant Clearing,EMR Payment | visa,00038466
CID-2008b975-4d12-4f06-a420-1081cbee6b00,2025-08-13,PMT-00038470,350.0,Visa,1030 · Merchant Clearing,EMR Payment | visa,00038470
CID-2008b975-4d12-4f06-a420-1081cbee6b00,2025-08-13,PMT-00038471,250.0,Visa,1030 · Merchant Clearing,EMR Payment | visa,00038471
CID-a145532a-5e68-4f14-95b9-ec9011b2741e,2025-08-14,PMT-00038290,350.0,Cash,1030 · Merchant Clearing,EMR Payment | cash,00038290
CID-70b11ce3-3b12-4864-a027-372e95f76ed5,2025-08-15,PMT-00038350,896.0,Visa,1030 · Merchant Clearing,EMR Payment | visa,00038350
CID-6523d9c0-c7dc-4133-aea9-d229da32ebc6,2025-08-15,PMT-00038484,939.83,Cash,1030 · Merchant Clearing,EMR Payment | cash,00038484
CID-e6d299c4-9123-46ab-8fd7-aded5458b066,2025-08-15,PMT-00038491,10.0,Cash,1030 · Merchant Clearing,EMR Payment | cash,00038491
CID-a2a4741f-bced-45dc-8ea5-126b55e919a4,2025-08-15,PMT-00038493,552.0,Visa,1030 · Merchant Clearing,EMR Payment | visa,00038493
CID-e6a21011-d7b7-4655-96f3-679bb6df1048,2025-08-18,PMT-00038506,770.0,Visa,1030 · Merchant Clearing,EMR Payment | visa,00038506
CID-a84e8dce-efb5-40ee-8888-74bab80771e8,2025-08-18,PMT-00038507,1031.0,Visa,1030 · Merchant Clearing,EMR Payment | visa,00038507
CID-72e74015-dd32-4f67-a0d1-ac21c1506858,2025-08-19,PMT-00036120,650.0,Mastercard,1030 · Merchant Clearing,EMR Payment | mastercard,00036120
CID-c3e10938-bf12-4d72-9285-3f1f54e8aad2,2025-08-20,PMT-00038244,249.0,Visa,1030 · Merchant Clearing,EMR Payment | visa,00038244
CID-a145532a-5e68-4f14-95b9-ec9011b2741e,2025-08-20,PMT-00038483,400.0,Cash,1030 · Merchant Clearing,EMR Payment | cash,00038483
CID-99212a86-b8d0-4450-a839-40f4ff1aa87c,2025-08-20,PMT-00038522,616.84,Cash,1030 · Merchant Clearing,EMR Payment | cash,00038522
CID-be9077b5-5b5c-42b4-9f40-b27b001718ad,2025-08-20,PMT-00038530,409.0,Mastercard,1030 · Merchant Clearing,EMR Payment | mastercard,00038530
CID-7dd79376-94a9-4589-b653-ca065aba5193,2025-08-20,PMT-00038532,598.0,Visa,1030 · Merchant Clearing,EMR Payment | visa,00038532
CID-adf165d7-c723-4e70-afcc-4bc4633de85b,2025-08-22,PMT-00038548,344.0,Amex,1030 · Merchant Clearing,EMR Payment | amex,00038548
CID-520470fc-0bad-4350-9fd7-846477f95609,2025-08-22,PMT-00038551,863.32,Visa,1030 · Merchant Clearing,EMR Payment | visa,00038551
CID-29d13dc0-db43-4fbf-9888-86d43781a8b2,2025-08-22,PMT-00038553,249.0,Mastercard,1030 · Merchant Clearing,EMR Payment | mastercard,00038553
CID-5423b822-a8dd-462f-87d5-b4827d14dd3d,2025-08-22,PMT-00038554,1163.0,Mastercard,1030 · Merchant Clearing,EMR Payment | mastercard,00038554
CID-84886c9f-1236-4626-b998-68e426ca869d,2025-08-22,PMT-00038557,79.0,Visa,1030 · Merchant Clearing,EMR Payment | visa,00038557
CID-a47dfe0f-d8aa-4025-b70c-59d64377c2a6,2025-08-22,PMT-00038558,1201.06,Discover,1030 · Merchant Clearing,EMR Payment | discover,00038558
CID-315c4cca-7be4-4d1b-b3bb-4a74846ea5a9,2025-08-22,PMT-00038559,554.9,Visa,1030 · Merchant Clearing,EMR Payment | visa,00038559
CID-e86cb3c6-4164-4fa1-8273-aef2570517ad,2025-08-24,PMT-00038540,349.0,Cash,1030 · Merchant Clearing,EMR Payment | cash,00038540
CID-dfe3ba2e-ec3b-4d42-a904-93df6fe8fe20,2025-08-24,PMT-00038564,149.0,Cash,1030 · Merchant Clearing,EMR Payment | cash,00038564
CID-84886c9f-1236-4626-b998-68e426ca869d,2025-08-26,PMT-00038572,228.0,Visa,1030 · Merchant Clearing,EMR Payment | visa,00038572
CID-fc88691a-76b0-4d49-b452-d5b989f11b6e,2025-08-26,PMT-00038574,374.58,Visa,1030 · Merchant Clearing,EMR Payment | visa,00038574
CID-79658e05-ec85-4c39-8d37-c53c4742bcfc,2025-08-27,PMT-00038377,325.68,Visa,1030 · Merchant Clearing,EMR Payment | visa,00038377
CID-d7a1a5f0-d29f-48e5-abe4-03126dcedc42,2025-08-27,PMT-00038568,299.0,Amex,1030 · Merchant Clearing,EMR Payment | amex,00038568
CID-7d4f4d9c-c2dd-4ac5-ba39-d804cc2fa6f2,2025-08-27,PMT-00038578,418.0,Mastercard,1030 · Merchant Clearing,EMR Payment | mastercard,00038578
CID-cc6ba952-9754-42e5-8d88-974dc2b95dbe,2025-08-27,PMT-00038580,282.12,Visa,1030 · Merchant Clearing,EMR Payment | visa,00038580
CID-2008b975-4d12-4f06-a420-1081cbee6b00,2025-08-27,PMT-00038582,1218.0,Visa,1030 · Merchant Clearing,EMR Payment | visa,00038582
CID-059d872c-0d2f-4e36-9f46-102a6521f0cd,2025-08-27,PMT-00038583,513.98,Visa,1030 · Merchant Clearing,EMR Payment | visa,00038583
CID-4a48c0eb-df34-4d99-b1c6-ec89d05286b3,2025-08-27,PMT-00038585,499.6,Visa,1030 · Merchant Clearing,EMR Payment | visa,00038585
CID-31ca9af9-9a68-4d9d-a2be-b647366cad1f,2025-08-27,PMT-00038587,99.0,Visa,1030 · Merchant Clearing,EMR Payment | visa,00038587
CID-8ee0b25e-b8cc-4828-8c6d-cbe0ff2eba5e,2025-08-27,PMT-00038589,158.55,Visa,1030 · Merchant Clearing,EMR Payment | visa,00038589
CID-e3417bac-2160-470a-8762-2b5470812dd0,2025-08-28,PMT-00038541,517.0,Visa,1030 · Merchant Clearing,EMR Payment | visa,00038541
CID-3eca3e9f-ed92-4d48-88d7-1c5a39ca2095,2025-08-28,PMT-00038592,175.82,Visa,1030 · Merchant Clearing,EMR Payment | visa,00038592
CID-5d2c3c8d-a2c4-4f00-89cc-c1ea7ac625d4,2025-08-29,PMT-00038595,500.0,Visa,1030 · Merchant Clearing,EMR Payment | visa,00038595
CID-6177b08f-2c28-4e89-bc6e-8db3f732b150,2025-08-29,PMT-00038598,284.31,Visa,1030 · Merchant Clearing,EMR Payment | visa,00038598
CID-0a9f4946-5a5f-42b5-9fd8-63c634f7f7a1,2025-08-29,PMT-00038600,112.12,Visa,1030 · Merchant Clearing,EMR Payment | visa,00038600
CID-b0e0d6c3-b781-4d5a-887d-5b2e0c61a8e8,2025-08-29,PMT-00038601,746.41,Visa,1030 · Merchant Clearing,EMR Payment | visa,00038601
CID-ffab6424-428c-453c-bc81-e3d6df6c45e6,2025-08-29,PMT-00038604,800.0,Mastercard,1030 · Merchant Clearing,EMR Payment | mastercard,00038604
CID-ffab6424-428c-453c-bc81-e3d6df6c45e6,2025-08-29,PMT-00038604,96.0,Visa,1030 · Merchant Clearing,EMR Payment | visa,00038604
CID-1bd105e5-87d8-4749-b6be-c4bf9520a03c,2025-09-01,PMT-00038576,260.0,Mastercard,1030 · Merchant Clearing,EMR Payment | mastercard,00038576
CID-72e74015-dd32-4f67-a0d1-ac21c1506858,2025-09-01,PMT-00038611,50.0,Cash,1030 · Merchant Clearing,EMR Payment | cash,00038611
CID-1b43abb7-f307-4bf4-ad11-55ca31c40d26,2025-09-01,PMT-00038614,600.0,Visa,1030 · Merchant Clearing,EMR Payment | visa,00038614
CID-e6a21011-d7b7-4655-96f3-679bb6df1048,2025-09-02,PMT-00038511,224.17,Mastercard,1030 · Merchant Clearing,EMR Payment | mastercard,00038511
CID-9b9d4704-d711-433a-b157-c12132061b34,2025-09-02,PMT-00038621,224.17,Visa,1030 · Merchant Clearing,EMR Payment | visa,00038621
CID-fe21f5a8-9e2c-45e6-bf65-9cbfd63b9d7c,2025-09-03,PMT-00038628,500.0,Visa,1030 · Merchant Clearing,EMR Payment | visa,00038628
CID-31ca9af9-9a68-4d9d-a2be-b647366cad1f,2025-09-03,PMT-00038629,500.0,Visa,1030 · Merchant Clearing,EMR Payment | visa,00038629
CID-0c0ce826-e953-4f20-8374-17d6ffe82e1f,2025-09-03,PMT-00038630,99.0,Visa,1030 · Merchant Clearing,EMR Payment | visa,00038630
CID-55587539-47af-4d85-910e-bf5eda43b9e6,2025-09-03,PMT-00038631,416.0,Visa,1030 · Merchant Clearing,EMR Payment | visa,00038631
CID-81fd5a7f-88f7-4636-b3ab-ff6ea87fa0bb,2025-09-03,PMT-00038635,500.0,Mastercard,1030 · Merchant Clearing,EMR Payment | mastercard,00038635
CID-b66d1bcc-57c6-447e-bcb3-fbcac2892870,2025-09-05,PMT-00038637,559.0,Visa,1030 · Merchant Clearing,EMR Payment | visa,00038637
CID-b66d1bcc-57c6-447e-bcb3-fbcac2892870,2025-09-05,PMT-00038637,390.0,Visa,1030 · Merchant Clearing,EMR Payment | visa,00038637
CID-532bd0ba-e9dd-4a19-8eea-92507f687945,2025-09-05,PMT-00038639,981.0,Visa,1030 · Merchant Clearing,EMR Payment | visa,00038639
CID-78de30c4-dd3f-4abe-a6d3-412da722d8f5,2025-09-05,PMT-00038640,395.68,Cash,1030 · Merchant Clearing,EMR Payment | cash,00038640
CID-d7819a16-2776-46bf-b71a-205e538ccbd3,2025-09-05,PMT-00038643,669.0,Visa,1030 · Merchant Clearing,EMR Payment | visa,00038643
CID-79f68567-8ef6-4f2f-809f-f40377cf159e,2025-09-05,PMT-00038646,37.18,Check,1030 · Merchant Clearing,EMR Payment | check,00038646
CID-8aa02dfc-2c90-4c9f-b3ca-391003318c3e,2025-09-08,PMT-00038645,600.0,Visa,1030 · Merchant Clearing,EMR Payment | visa,00038645
CID-e86cb3c6-4164-4fa1-8273-aef2570517ad,2025-09-08,PMT-00039649,87.48,Cash,1030 · Merchant Clearing,EMR Payment | cash,00039649
CID-ae914449-c410-4eff-b3a9-7499202d6e01,2025-09-09,PMT-00039650,508.48,Discover,1030 · Merchant Clearing,EMR Payment | discover,00039650
CID-6702505c-9a58-4e19-84e8-f8d95434f49b,2025-09-09,PMT-00039653,149.0,Mastercard,1030 · Merchant Clearing,EMR Payment | mastercard,00039653
CID-96ca49e3-5c64-4515-8605-957d89bee0fc,2025-09-10,PMT-00038644,500.0,Cash,1030 · Merchant Clearing,EMR Payment | cash,00038644
CID-5f66c0bb-a585-45df-b553-216dcbb4c335,2025-09-10,PMT-00039661,629.56,Visa,1030 · Merchant Clearing,EMR Payment | visa,00039661
CID-944df936-b013-4571-b78b-6841162c81ae,2025-09-10,PMT-00039663,54.68,Visa,1030 · Merchant Clearing,EMR Payment | visa,00039663
CID-8ee0b25e-b8cc-4828-8c6d-cbe0ff2eba5e,2025-09-10,PMT-00039664,2465.18,Visa,1030 · Merchant Clearing,EMR Payment | visa,00039664
CID-87fe7b87-5962-4433-a828-616574d70b2f,2025-09-10,PMT-00039668,500.0,Visa,1030 · Merchant Clearing,EMR Payment | visa,00039668
CID-10cc8506-e2b9-4b1b-aa9f-44e2354ed681,2025-09-10,PMT-00039670,650.0,Cash,1030 · Merchant Clearing,EMR Payment | cash,00039670
CID-b68664c7-bde8-4904-92b1-a31abea5f737,2025-09-10,PMT-00039672,798.47,Visa,1030 · Merchant Clearing,EMR Payment | visa,00039672
CID-fb03edd7-1328-4ce5-bed1-06fba1d97acd,2025-09-10,PMT-00039674,402.0,Mastercard,1030 · Merchant Clearing,EMR Payment | mastercard,00039674
CID-52b06965-e57d-4ab0-ac59-c1659cc6e668,2025-09-11,PMT-00039682,400.0,Visa,1030 · Merchant Clearing,EMR Payment | visa,00039682
CID-a095a1df-e9a0-4b9b-938d-65eeda01bb11,2025-09-12,PMT-00039683,300.0,Cash,1030 · Merchant Clearing,EMR Payment | cash,00039683
CID-0a9f4946-5a5f-42b5-9fd8-63c634f7f7a1,2025-09-12,PMT-00039685,150.0,Visa,1030 · Merchant Clearing,EMR Payment | visa,00039685
CID-328fe137-c6e7-4f49-8da7-83d975cf3c38,2025-09-12,PMT-00039686,300.0,Visa,1030 · Merchant Clearing,EMR Payment | visa,00039686
CID-fe21f5a8-9e2c-45e6-bf65-9cbfd63b9d7c,2025-09-12,PMT-00039687,598.0,Visa,1030 · Merchant Clearing,EMR Payment | visa,00039687
CID-b8b35095-6079-41e5-85e6-469119bbf393,2025-09-12,PMT-00039690,525.58,Visa,1030 · Merchant Clearing,EMR Payment | visa,00039690
CID-b8b35095-6079-41e5-85e6-469119bbf393,2025-09-12,PMT-00039691,8.0,Visa,1030 · Merchant Clearing,EMR Payment | visa,00039691
CID-955941e1-b252-4059-9280-a8c3c977f62f,2025-09-14,PMT-00039694,286.93,Discover,1030 · Merchant Clearing,EMR Payment | discover,00039694
CID-55833f13-6798-4e8b-9854-4ff64bd4ca89,2025-09-16,PMT-00039704,228.85,Mastercard,1030 · Merchant Clearing,EMR Payment | mastercard,00039704
CID-7cdbf58b-c83e-4764-95de-50e97dc4e50e,2025-09-17,PMT-00038648,100.0,Visa,1030 · Merchant Clearing,EMR Payment | visa,00038648
CID-a145532a-5e68-4f14-95b9-ec9011b2741e,2025-09-17,PMT-00039708,444.15,Check,1030 · Merchant Clearing,EMR Payment | check,00039708
CID-1b665c88-94e1-48e9-a5e2-9b485e8c96d8,2025-09-17,PMT-00039709,2105.0,Visa,1030 · Merchant Clearing,EMR Payment | visa,00039709
CID-a2a4741f-bced-45dc-8ea5-126b55e919a4,2025-09-17,PMT-00039710,500.0,Cash,1030 · Merchant Clearing,EMR Payment | cash,00039710
CID-a2a4741f-bced-45dc-8ea5-126b55e919a4,2025-09-17,PMT-00039710,55.0,Visa,1030 · Merchant Clearing,EMR Payment | visa,00039710
CID-5572780a-4a7f-450d-a0ea-b428ed2f5a14,2025-09-17,PMT-00039717,1100.62,Visa,1030 · Merchant Clearing,EMR Payment | visa,00039717
CID-fc88691a-76b0-4d49-b452-d5b989f11b6e,2025-09-19,PMT-00039732,352.11,Visa,1030 · Merchant Clearing,EMR Payment | visa,00039732
CID-adf165d7-c723-4e70-afcc-4bc4633de85b,2025-09-19,PMT-00039734,249.0,Amex,1030 · Merchant Clearing,EMR Payment | amex,00039734
CID-339a4c0c-c8ed-4a79-8877-d71c595d51fc,2025-09-19,PMT-00039735,416.0,Cash,1030 · Merchant Clearing,EMR Payment | cash,00039735
CID-21e6f6ca-c37b-4f46-874d-7646206eb86c,2025-09-19,PMT-00039736,1701.18,Visa,1030 · Merchant Clearing,EMR Payment | visa,00039736
CID-c0d05d0b-749f-47bc-8df7-86274a1cda7a,2025-09-19,PMT-00039737,424.0,Visa,1030 · Merchant Clearing,EMR Payment | visa,00039737
CID-8ede6956-c0cd-4ae4-bf19-37a94e4598aa,2025-09-20,PMT-00039742,629.0,Visa,1030 · Merchant Clearing,EMR Payment | visa,00039742
CID-f5a0e38c-152f-49e7-979e-d2f5f54fab3b,2025-09-21,PMT-00039728,347.0,Cash,1030 · Merchant Clearing,EMR Payment | cash,00039728
CID-84886c9f-1236-4626-b998-68e426ca869d,2025-09-24,PMT-00039756,79.0,Visa,1030 · Merchant Clearing,EMR Payment | visa,00039756
CID-a47dfe0f-d8aa-4025-b70c-59d64377c2a6,2025-09-24,PMT-00039757,273.38,Discover,1030 · Merchant Clearing,EMR Payment | discover,00039757
CID-5c5d3988-80d1-4dbf-a897-b8d796478856,2025-09-24,PMT-00039758,591.0,Visa,1030 · Merchant Clearing,EMR Payment | visa,00039758
CID-5d2c3c8d-a2c4-4f00-89cc-c1ea7ac625d4,2025-09-24,PMT-00039761,1541.16,Visa,1030 · Merchant Clearing,EMR Payment | visa,00039761
CID-f38733cb-973e-4565-870a-f545a419f2ea,2025-09-24,PMT-00039764,630.0,Visa,1030 · Merchant Clearing,EMR Payment | visa,00039764
CID-88141eb1-2659-40d9-81ff-4820f4078c89,2025-09-24,PMT-00039766,50.0,Cash,1030 · Merchant Clearing,EMR Payment | cash,00039766
CID-88141eb1-2659-40d9-81ff-4820f4078c89,2025-09-24,PMT-00039766,540.53,Mastercard,1030 · Merchant Clearing,EMR Payment | mastercard,00039766
CID-85564123-eebe-4c08-be72-1ad3c7a80d33,2025-09-25,PMT-00039751,300.0,Cash,1030 · Merchant Clearing,EMR Payment | cash,00039751
CID-85564123-eebe-4c08-be72-1ad3c7a80d33,2025-09-25,PMT-00039751,74.0,Mastercard,1030 · Merchant Clearing,EMR Payment | mastercard,00039751
CID-b8b35095-6079-41e5-85e6-469119bbf393,2025-09-25,PMT-00039770,274.8,Visa,1030 · Merchant Clearing,EMR Payment | visa,00039770
CID-e5606037-1adb-44c7-bb9b-8232812624fd,2025-09-25,PMT-00039772,220.0,Discover,1030 · Merchant Clearing,EMR Payment | discover,00039772
CID-26bb29ec-0faf-4c9a-ace2-f2a9164c0318,2025-09-26,PMT-00039776,702.46,Mastercard,1030 · Merchant Clearing,EMR Payment | mastercard,00039776
CID-693d6eb3-28a6-46b6-82e2-968a0ac276a4,2025-09-26,PMT-00039777,676.0,Check,1030 · Merchant Clearing,EMR Payment | check,00039777
CID-693d6eb3-28a6-46b6-82e2-968a0ac276a4,2025-09-26,PMT-00039778,212.57,Visa,1030 · Merchant Clearing,EMR Payment | visa,00039778
CID-fc14c13f-6e3a-4347-88f8-c797a55fe287,2025-09-26,PMT-00039779,240.0,Visa,1030 · Merchant Clearing,EMR Payment | visa,00039779
CID-b68664c7-bde8-4904-92b1-a31abea5f737,2025-09-26,PMT-00039781,129.9,Visa,1030 · Merchant Clearing,EMR Payment | visa,00039781
CID-10cc8506-e2b9-4b1b-aa9f-44e2354ed681,2025-09-26,PMT-00039783,22.96,Visa,1030 · Merchant Clearing,EMR Payment | visa,00039783
CID-71b5dbdb-3006-4972-87da-68b9f9d29f86,2025-09-26,PMT-00039784,715.01,Visa,1030 · Merchant Clearing,EMR Payment | visa,00039784
CID-8114a540-9e8f-4512-a89c-48784f09fd15,2025-09-26,PMT-00039785,570.57,Visa,1030 · Merchant Clearing,EMR Payment | visa,00039785
CID-e5606037-1adb-44c7-bb9b-8232812624fd,2025-09-29,PMT-00039715,650.0,Discover,1030 · Merchant Clearing,EMR Payment | discover,00039715
CID-5572780a-4a7f-450d-a0ea-b428ed2f5a14,2025-09-29,PMT-00039795,23.39,Visa,1030 · Merchant Clearing,EMR Payment | visa,00039795
CID-5572780a-4a7f-450d-a0ea-b428ed2f5a14,2025-09-29,PMT-00039795,576.61,Visa,1030 · Merchant Clearing,EMR Payment | visa,00039795
CID-cd6853e3-84fc-43fe-945d-d9aed2bdc2ed,2025-09-30,PMT-00039786,299.0,Visa,1030 · Merchant Clearing,EMR Payment | visa,00039786
CID-84886c9f-1236-4626-b998-68e426ca869d,2025-09-30,PMT-00039806,22.0,Visa,1030 · Merchant Clearing,EMR Payment | visa,00039806
CID-6aba4ea7-0b7b-47d0-a30a-703a66e47887,2025-10-01,PMT-00039808,903.0,Amex,1030 · Merchant Clearing,EMR Payment | amex,00039808
CID-6aba4ea7-0b7b-47d0-a30a-703a66e47887,2025-10-01,PMT-00039809,390.0,Visa,1030 · Merchant Clearing,EMR Payment | visa,00039809
CID-315c4cca-7be4-4d1b-b3bb-4a74846ea5a9,2025-10-01,PMT-00039810,412.03,Visa,1030 · Merchant Clearing,EMR Payment | visa,00039810
CID-2844b897-1fd7-4d90-9253-2710b31c0378,2025-10-01,PMT-00039811,733.42,Visa,1030 · Merchant Clearing,EMR Payment | visa,00039811
CID-96ad8012-2940-470a-b989-00480b603b40,2025-10-01,PMT-00039814,250.84,Mastercard,1030 · Merchant Clearing,EMR Payment | mastercard,00039814
CID-01a2d0fa-38eb-421f-b283-7b360f629a52,2025-10-01,PMT-00039816,338.0,Visa,1030 · Merchant Clearing,EMR Payment | visa,00039816
CID-9b9d4704-d711-433a-b157-c12132061b34,2025-10-01,PMT-00039818,898.67,Visa,1030 · Merchant Clearing,EMR Payment | visa,00039818
CID-3c19574b-59f1-486e-a9f9-aedfdfcad096,2025-10-01,PMT-00039819,633.0,Visa,1030 · Merchant Clearing,EMR Payment | visa,00039819
CID-ee7e17ce-e0dd-4c6f-bc58-6519129112aa,2025-10-02,PMT-00039826,531.11,Discover,1030 · Merchant Clearing,EMR Payment | discover,00039826
CID-a2a4741f-bced-45dc-8ea5-126b55e919a4,2025-10-02,PMT-00039828,175.82,Visa,1030 · Merchant Clearing,EMR Payment | visa,00039828
CID-9baa4f2e-4d8e-4e93-9567-fc874a14f99f,2025-10-02,PMT-00039829,200.0,Cash,1030 · Merchant Clearing,EMR Payment | cash,00039829
CID-3b0fc73f-217c-4daf-a742-cb098ddb5a47,2025-10-02,PMT-00039831,1000.0,Mastercard,1030 · Merchant Clearing,EMR Payment | mastercard,00039831
CID-a145532a-5e68-4f14-95b9-ec9011b2741e,2025-10-02,PMT-00039832,400.0,Cash,1030 · Merchant Clearing,EMR Payment | cash,00039832
CID-fe21f5a8-9e2c-45e6-bf65-9cbfd63b9d7c,2025-10-05,PMT-00039835,500.0,Visa,1030 · Merchant Clearing,EMR Payment | visa,00039835
CID-bc37d277-e5c4-4f18-94a8-d1288614c303,2025-10-07,PMT-00033774-R,-153.09,Visa,1030 · Merchant Clearing,EMR Payment | visa,00033774-R
CID-b9d04286-fee1-499a-b31a-a13c1a3e616f,2025-10-07,PMT-00039821,414.44,Cash,1030 · Merchant Clearing,EMR Payment | cash,00039821
CID-1b665c88-94e1-48e9-a5e2-9b485e8c96d8,2025-10-07,PMT-00039859,541.0,Visa,1030 · Merchant Clearing,EMR Payment | visa,00039859
CID-c5b28494-527b-4582-bb62-46427c42a689,2025-10-07,PMT-00039862,331.5,Visa,1030 · Merchant Clearing,EMR Payment | visa,00039862
CID-6523d9c0-c7dc-4133-aea9-d229da32ebc6,2025-10-08,PMT-00039870,817.93,Cash,1030 · Merchant Clearing,EMR Payment | cash,00039870
CID-07f9ee67-3dd4-4491-9206-fb9a0920bca2,2025-10-08,PMT-00039872,578.0,Visa,1030 · Merchant Clearing,EMR Payment | visa,00039872
CID-6733f797-d644-4fec-904b-2406fa29b180,2025-10-08,PMT-00039874,520.0,Mastercard,1030 · Merchant Clearing,EMR Payment | mastercard,00039874
CID-e86cb3c6-4164-4fa1-8273-aef2570517ad,2025-10-08,PMT-00039875,349.0,Cash,1030 · Merchant Clearing,EMR Payment | cash,00039875
CID-f636581c-8b20-4756-bf21-269674811598,2025-10-08,PMT-00039877,510.0,Mastercard,1030 · Merchant Clearing,EMR Payment | mastercard,00039877
CID-2008b975-4d12-4f06-a420-1081cbee6b00,2025-10-08,PMT-00039878,150.0,Visa,1030 · Merchant Clearing,EMR Payment | visa,00039878
CID-e7a2606c-9a03-4e2d-b54e-8d2aa13e8bb2,2025-10-08,PMT-00039882,825.0,Visa,1030 · Merchant Clearing,EMR Payment | visa,00039882
CID-4badf727-a203-41ef-99f0-72e713a1450a,2025-10-08,PMT-00039883,444.1,Cash,1030 · Merchant Clearing,EMR Payment | cash,00039883
CID-dfe3ba2e-ec3b-4d42-a904-93df6fe8fe20,2025-10-08,PMT-00039884,508.0,Visa,1030 · Merchant Clearing,EMR Payment | visa,00039884
CID-425bc7d4-bc3c-4ed7-b692-c724050545fa,2025-10-08,PMT-00039885,257.0,Visa,1030 · Merchant Clearing,EMR Payment | visa,00039885
CID-8e1b40c8-024c-4e13-a399-f561ba5aeba0,2025-10-08,PMT-00039886,682.72,Visa,1030 · Merchant Clearing,EMR Payment | visa,00039886
CID-b9a895fa-4d2a-475c-bfad-32a6f38e305a,2025-10-08,PMT-00039887,340.0,Mastercard,1030 · Merchant Clearing,EMR Payment | mastercard,00039887
CID-63dd5c33-66dc-468f-8375-c098d665b9f2,2025-10-08,PMT-00039888,182.0,Mastercard,1030 · Merchant Clearing,EMR Payment | mastercard,00039888
CID-63dd5c33-66dc-468f-8375-c098d665b9f2,2025-10-08,PMT-00039888,95.0,Check,1030 · Merchant Clearing,EMR Payment | check,00039888
CID-c295a26e-99f8-478c-888b-0022d8736377,2025-10-08,PMT-00039889,332.0,Visa,1030 · Merchant Clearing,EMR Payment | visa,00039889
CID-e86cb3c6-4164-4fa1-8273-aef2570517ad,2025-10-08,PMT-00039890,387.05,Visa,1030 · Merchant Clearing,EMR Payment | visa,00039890
CID-1b43abb7-f307-4bf4-ad11-55ca31c40d26,2025-10-09,PMT-00039876,500.0,Visa,1030 · Merchant Clearing,EMR Payment | visa,00039876
