,,Item,,Description
,,Bonus Expense,,Bonus Expense
,,Customer Deposit,,Customer Deposit
,,GRATUITY,,GRATUITY
,,Hylenex-Filler Reversal,,Hylenex-Filler Reversal
,,Model Sitting Fee,,Model Sitting Fee
,,Weight Loss Consultation,,Weight Loss Consultation
,,Injectables,,
,,Injectables:Botox per Unit 100U,,Botox Cosmetic 100
,,Injectables:Botox per Unit 50U,,Botox Cosmetic 50
,,Injectables:Daxxify per Unit,,Daxxify
,,Injectables:Dysport per Unit,,Dysport
,,Injectables:Hylenex Filler Reversal,,Hylenex Filler Reversal
,,Injectables:Juvederm Ult PlusXC per Syringe,,Juvederm Ultra Plus XC 1 mL
,,Injectables:Juvederm UltraXC per Syringe,,Juvederm Ultra XC 1 mL
,,Injectables:Juvederm VolbellaXC per Syringe,,Juvederm Volbella XC 1 mL
,,Injectables:Juvederm VolumaXC per Syringe,,Juvederm Voluma XC 1 mL
,,Injectables:Restalyne Kysse,,
,,Injectables:Restylane Lyft,,Restylane Lyft
,,Injectables:Restylane Refyne,,Restylane Refyne
,,Injectables:RHA 2,,RHA 2
,,Injectables:RHA Redensity,,RHA Redensity
,,Injectables:RHA3,,RHA3
,,Injectables:Sculptra,,
,,Retail Skincare,,
,,Retail Skincare:10% Vitamin C 20mL,,ZO 10% Vitamin C 20mL
,,Retail Skincare:10% Vitamin C 50mL,,ZO 10% Vitamin C 50mL
,,Retail Skincare:Acne Control 60mL,,ZO Acne Control 60mL
,,Retail Skincare:AHA/BHA ExfolClnsr 6oz,,AHA/BHA Exfoliating Cleanser 6 fl oz
,,Retail Skincare:AHA/BHA ExfolClnsr Trial,,AHA/BHA ExfolClnsr 1oz Trial
,,Retail Skincare:Anti Aging Program Kit,,ZO Anti Aging Program Kit
,,Retail Skincare:Balancing Cleansing 200mL,,ZO Balancing Cleansing 200mL
,,Retail Skincare:Body Emulsion 240mL,,ZO Body Emulsion 240mL
,,Retail Skincare:Brightalive 30mL,,ZO Brightalive 50mL
,,Retail Skincare:Brightalive 50mL,,ZO Brightalive 50mL
,,Retail Skincare:Calming Toner 180 mL,,ZO Calming Toner 180 mL
,,Retail Skincare:Calming Toner 50mL,,ZO Calming Toner 50mL
,,Retail Skincare:Complex A+ 27mL,,ZO Complex A+ 27mL
,,Retail Skincare:Complexion Clarifying Serum,,ZO Complexion Clarifying Serum
,,Retail Skincare:Complexion Clear Prog Kit,,ZO Complexion Clear Prog Kit
,,Retail Skincare:Complexion Renew Pads 30ct,,ZO Complexion Renew Pads 30ct
,,Retail Skincare:Complexion Renew Pads 60ct,,ZO Complexion Renew Pads 60ct
,,Retail Skincare:Complexion Renewal Pads 30ct,,ZO Complexion Renewal Pads 30ct
,,Retail Skincare:Daily Power Defense 30ml,,ZO Daily Power Defense 30ml
,,Retail Skincare:Daily Power Defense 50mL,,ZO Daily Power Defense 50mL
,,Retail Skincare:Daily Sheer Broad Spec SPF50,,ZO Daily Sheer Broad Spec SPF50
,,Retail Skincare:Daily Skincare Program Kit,,ZO Daily Skincare Program Kit
,,Retail Skincare:Day ShldTntd SPF50 1.7oz,,Daily Shield Tinted SPF50 1.7oz
,,Retail Skincare:Dermal Repair Crm 1.7oz,,Dermal Repair Cream 1.7 oz
,,Retail Skincare:Enzymatic Peel 50mL,,ZO Enzymatic Peel 50mL
,,Retail Skincare:ESD MinShld SPF35 1.85oz,,ESD MinShld SPF 35 1.85 oz
,,Retail Skincare:ESDMinShldTntd SPF32 1.85,,ESD MinShld Tntd SPF 32 1.85 oz
,,Retail Skincare:ESDMinShldTntdSPF32 Trial,,ESD MinShldTntd SPF 32 .25oz Trial
,,Retail Skincare:Essential Recovery Kit,,Essential Recovery Kit
,,Retail Skincare:Even & Correct Advanced Bright,,Even & Correct Advanced Bright
,,Retail Skincare:Even & Correct Dark Spot Cream,,Even & Correct Dark Spot Cream
,,Retail Skincare:Even & Correct Pads,,Even & Correct Pads
,,Retail Skincare:Everyday Essentials,,Everyday Essentials System
,,Retail Skincare:Exfoliating Cleanser 200 mL,,ZO Exfoliating Cleanser 200 mL
,,Retail Skincare:Exfoliating Polish 16.2g,,ZO Exfoliating Polish 16.2g
,,Retail Skincare:Exfoliating Polish 65g,,ZO Exfoliating Polish 65g
,,Retail Skincare:Exfoliation Accel 50mL,,ZO Exfoliation Accel 50mL
,,Retail Skincare:Eye Bright Creme 15g .5oz,,ZO Eye Bright Creme 15g .5oz
,,Retail Skincare:Eye Brighten Creme 15g/.5oz,,ZO Eye Brighten Creme 15g/.5oz
,,Retail Skincare:Facial Cleanser 6oz,,Facial Cleanser 6 fl oz
,,Retail Skincare:Facial Cleanser Trial,,Facial Cleanser 1oz Trial
,,Retail Skincare:Firm & Tone Lotion 6oz,,Firm & Tone Lotion
,,Retail Skincare:Firming Serum 28 mL,,ZO Firming Serum 28 mL
,,Retail Skincare:Firming Serum 47mL,,ZO Firming Serum 47mL
,,Retail Skincare:Firming Serum Accelerated Kit,,ZOFirming Serum Accelerated Kit
,,Retail Skincare:Gentle Cleanser 200mL,,ZO Gentle Cleanser 200mL
,,Retail Skincare:Gentle Cleanser 60mL,,ZO Gentle Cleanser 60mL
,,Retail Skincare:Gentle Cleanser 960mL,,ZO Gentle Cleanser 960mL
,,Retail Skincare:Growth Factor Eye Serum 15ml,,ZO Growth Factor Eye Serum 15ml
,,Retail Skincare:Growth Factor Serum 30ml,,ZO Growth Factor Serum 30ml
,,Retail Skincare:HA5 Rej Hydrator 2oz,,HA5 Rejuvenating Hydrator 2oz
,,Retail Skincare:Hydrating Cleanser 200 mL,,ZO Hydrating Cleanser 200 mL
,,Retail Skincare:Hydrating Creme 2oz,,ZO Hydrating Creme 2oz
,,Retail Skincare:Hydrating Creme 4oz,,ZO Hydrating Creme 4oz
,,Retail Skincare:Illuminating AOX 50mL,,ZO Illuminating AOX 50mL
,,Retail Skincare:InstantBright Eye Mask,,SM InstantBright Eye Mask
,,Retail Skincare:InstantBright EyeCrm .5oz,,INSTANT BRIGHT Eye Cream 0.5 oz
,,Retail Skincare:Intense Eye Creme 15mL,,ZO Intense Eye Creme 15mL
,,Retail Skincare:Latisse 0.03% 5mL 140 Apps,,Latisse 0.03% 5 mL 140 Apps Overcap
,,Retail Skincare:Limited Collec Micro Face Pr,,ZO Limited Collec Micro Face Pr
,,"Retail Skincare:Lumivive System, D/N, 1oz",,"LUMIVIVE System, Day, Night, 1oz"
,,Retail Skincare:Lytera 2.0 PigmentCrt 2oz,,LYTERA  2.0 Pigment Correcting Serum 2oz
,,Retail Skincare:Neck Correct Cream,,Neck Correct Cream
,,Retail Skincare:Pigment Control Bright 4% 81,,ZO Pigment Control Bright 4% 81
,,Retail Skincare:Pigment Ctl Cream 4% HQ 80mL,,ZO Pigment Ctl Cream 4% HQ 80mL
,,Retail Skincare:Pigment Ctrl Blending 4% 80m,,ZO Pigment Ctrl Blending 4% 80m
,,Retail Skincare:Pro-Enriched Mask 16oz,,Pro-Enriched Firming Mask 16.0oz
,,Retail Skincare:Pro-Lytic Gel Clnsr 16oz,,Pro-Lytic Gel Cleanser 16.0oz
,,Retail Skincare:Pro-Priming Oil 2oz,,Pro-Priming Oil 2.0oz
,,Retail Skincare:Recovery Creme 50mL,,ZO Recovery Creme 50mL
,,Retail Skincare:Rejuvenative Moist 2oz,,Rejuvenative Moisturizer 2oz
,,Retail Skincare:Renewal Creme 50mL,,ZO Renewal Creme 50mL
,,Retail Skincare:Renewal Face Lotion,,Renewal Facial Lotion 1.7 oz
,,Retail Skincare:Replenish HydCrm Trial,,Replenish Hydrating Crm .25oz Trial
,,Retail Skincare:Retinol + Acne Complex 50mL,,
,,"Retail Skincare:Retinol Complex 0.5, 1oz",,"Retinol Complex 0.5, 1 Fl oz"
,,Retail Skincare:Retinol Skin Bright .25% 50m,,ZO Retinol Skin Bright .25% 50m
,,Retail Skincare:Retinol Skin Bright 1% 30 mL,,ZO Retinol Skin Bright 1% 30 mL
,,Retail Skincare:Rozatrol 50mL,,ZO Rozatrol 50mL
,,Retail Skincare:Sheer Fluid Broad Spec,,ZO Sheer Fluid Broad Spec
,,Retail Skincare:Skin Bright Sheet Masque 50p,,ZO Skin Bright Sheet Masque 50p
,,Retail Skincare:Skin Brightening Prog Kit,,ZO Skin Brightening Prog Kit
,,Retail Skincare:Skin Normalizing System Kit,,ZO Skin Normalizing System Kit
,,Retail Skincare:Smart Tone Broad Spect SPF50,,ZO Smart Tone Broad Spect SPF50
,,Retail Skincare:Smart Tone Broad SPF 50 20mL,,ZO Smart Tone Broad SPF 50 20mL
,,Retail Skincare:Smart Tone Broad SPF 50 45mL,,ZO Smart Tone Broad SPF 50 45mL
,,Retail Skincare:Sunscreen Primer SPF30 15ml,,ZO Sunscreen Primer SPF30 15ml
,,Retail Skincare:Sunscreen Primer SPF30 30ml,,ZO Sunscreen Primer SPF30ml
,,Retail Skincare:TNS Advanced+ Serum 1oz,,TNS Advanced+ Serum 1oz
,,Retail Skincare:TNS Eye Repair 0.5oz,,TNS Eye Repair 0.5 oz
,,Retail Skincare:Total Defense + Repair SPF34 TD,,Total Defense + Repair SPF34 TD
,,Retail Skincare:Ultra Sheer Moisture 2oz,,Ultra Sheer Moisturizer 2 oz
,,Retail Skincare:Ultra Shield SPF50 2.5oz,,Ultra Shield SPF50 2.5oz
,,Retail Skincare:Upneeq 45 Cartridges,,Upneeq 45 Cartridges
,,Retail Skincare:Vitamin C + E Complex,,Vitamin C+E COmplex 1 oz
,,Retail Skincare:Wrinkle + Textur Repair 50mL,,ZO Wrinkle + Textur Repair 50mL
,,Skincare / Aesthetics,,
,,Skincare / Aesthetics:Benzocaine Lidocaine Tetracaine,,Benzocaine Lidocaine Tetracaine
,,Skincare / Aesthetics:SkinPen Treat Kit Plus,,SkinPen Treatment Plus
,,Skincare / Aesthetics:SkinPen With PRP 15ml,,SkinPen With PRP
,,Skincare / Aesthetics:SkinPen With PRP 30ml,,SkinPen With PRP
,,Skincare / Aesthetics:VI PEEL Advanced,,VI PEEL Advanced
,,Skincare / Aesthetics:VI Peel body Large,,VI Peel Body Large
,,Skincare / Aesthetics:VI Peel Body Sm/Med,,VI Peel Body Sm/Med
,,Skincare / Aesthetics:VI PEEL Collection,,VI PEEL Collection
,,Skincare / Aesthetics:VI Peel Original,,VI Peel Original
,,Skincare / Aesthetics:VI PEEL Precision Plus,,VI PEEL Precision Plus
,,Skincare / Aesthetics:VI PEEL Purify,,VI PEEL Purify
,,Skincare / Aesthetics:VI PEEL Purify With Precision +,,VI PEEL Purify With Precision +
,,Tretinoin,,Tretinoin
,,Weight Loss,,Weight Loss
,,Weight Loss:B12 Injection per Injection,,B12 Injection
,,Weight Loss:Semaglutide 1mL,,Semaglutide 1mL
,,Weight Loss:Semaglutide 2.16mg/ml (.27mg),,Semaglutide 2.16mg/ml (.27mg)
,,Weight Loss:Semaglutide 2.16mg/ml (.54mg),,Semaglutide 2.16mg/ml (.54mg)
,,Weight Loss:Semaglutide 2.16mg/ml (1.08mg),,Semaglutide 2.16mg/ml (1.08mg)
,,Weight Loss:Semaglutide 2.16mg/ml (2.16mg),,Semaglutide 2.16mg/ml (2.16mg)
,,Weight Loss:Semaglutide 2mL,,Semaglutide 2mL
,,Weight Loss:Semaglutide 4mL,,Semaglutide 4mL
,,Weight Loss:Tirzepatide,,Tirzepatide
,,Weight Loss:Tirzepatide:Tirzepatide,,Tirzepatide
,,Weight Loss:Tirzepatide 10mg,,Tirzepatide 10mg
,,Weight Loss:Tirzepatide 12.5mg,,Tirzepatide 12.5mg
,,Weight Loss:Tirzepatide 15mg,,Tirzepatide 15mg
,,Weight Loss:Tirzepatide 2.5mg,,Tirzepatide 2.5mg
,,Weight Loss:Tirzepatide 5mg,,Tirzepatide 5mg
,,Weight Loss:Tirzepatide 7.5mg,,Tirzepatide 7.5mg
,,Back Bar_Facial Cleanser 16 oz,,Back Bar_Facial Cleanser 16 oz
,,Back Bar_Facial Cleanser 16oz,,Back Bar_Facial Cleanser 16oz
,,Back Bar_Instant Bright Eye Msk,,Back Bar_Instant Bright Eye Msk
,,Back Bar_Ultra Sheer Moist 8oz,,Back Bar_Ultra Sheer Moist 8oz
,,PO Discount,,PO Discount
,,Alle Rebate - Injectables,,Alle Rebate - Injectables
,,Alle Rebate - Skin Care,,Alle Rebate - Skin Care
,,Shipping,,Shipping
,,Botox 10% Discount,,Botox 10% Discount
,,Botox 10/Unit,,Botox 10/Unit
,,Botox Discount - 11/Unit,,Botox Discount - 11/Unit
,,Botox Discount - 12/Unit,,Botox Discount - 12/Unit
,,Botox Discount - Friends & Fam,,Botox Discount - Friends & Fam
,,Client Bank Discount Injectable,,Client Bank Discount Injectable
,,Client Bank Discount Peels,,Client Bank Discount Peels
,,Client Bank Discount SkinCare,,Client Bank Discount SkinCare
,,Client Bank Discount SkinPen,,Client Bank Discount SkinPen
,,Discount,,Discount
,,Epionce Discount - FnF,,Epionce Discount - FnF
,,Free Syringe of Dermal Filler,,Use for buy 2 syringes get 1 free
,,Juvederm Discount - FnF,,Juvederm Discount - FnF
,,Marketing,,Marketing
,,Service Exchange,,Service Exchange
,,Skin Medica Discount - FnF,,Skin Medica Discount - FnF
,,Spillage,,Spillage
,,VI Peels Discount,,VI Peels Discount
